ï»¿Parent Airline,Airline,Aircraft Type,Current,Future,Historic,Total,Unit Cost,Total Cost (Current),Average Age
Aegean Airlines,Aegean Airlines,Airbus A319,1,0,3,4,90000000.0,90000000.0,11.6
Aegean Airlines,Olympic Air,Airbus A319,0,0,8,8,90000000.0,0.0,
Aegean Airlines,Aegean Airlines,Airbus A320,38,0,3,41,98000000.0,3724000.0,7.5
Aegean Airlines,Olympic Air,Airbus A320,0,0,9,9,98000000.0,0.0,
Aegean Airlines,Aegean Airlines,Airbus A321,8,0,0,8,115000000.0,919000000.0,10.3
Aegean Airlines,Olympic Air,ATR 42/72,2,0,0,2,22000000.0,44000000.0,2.4
Aegean Airlines,Aegean Airlines,ATR 42/72,0,0,6,6,22000000.0,0.0,
Aegean Airlines,Aegean Airlines,Boeing 737,0,0,17,17,74000000.0,0.0,
Aegean Airlines,Aegean Airlines,British Aerospace BAe 146/Avro RJ,0,0,6,6,14000000.0,0.0,
Aegean Airlines,Olympic Air,De Havilland Canada DHC-8 Dash 8,12,0,7,19,31000000.0,376000000.0,12.6
Aerolineas Argentinas,Aerolineas Argentinas,Airbus A310,0,0,5,5,75000000.0,0.0,
Aerolineas Argentinas,Aerolineas Argentinas,Airbus A320,0,0,2,2,98000000.0,0.0,
Aerolineas Argentinas,Aerolineas Argentinas,Airbus A330,9,1,0,10,240000000.0,2160000.0,9.3
Aerolineas Argentinas,Aerolineas Argentinas,Airbus A340,5,0,8,13,216000000.0,1078000.0,19.3
Aerolineas Argentinas,Aerolineas Argentinas,Boeing 737,40,1,77,118,74000000.0,2959000.0,6.6
Aerolineas Argentinas,Austral LÃ­neas AÃ©reas,Boeing 737,0,0,8,8,74000000.0,0.0,
Aerolineas Argentinas,Aerolineas Argentinas,Boeing 747,0,0,17,17,316000000.0,0.0,
Aerolineas Argentinas,Aerolineas Argentinas,Boeing 757,0,0,1,1,73000000.0,0.0,
Aerolineas Argentinas,Austral LÃ­neas AÃ©reas,Embraer ERJ-190,26,1,0,27,46000000.0,1201000.0,5.4
Aerolineas Argentinas,Austral LÃ­neas AÃ©reas,McDonnell Douglas DC-9,0,0,14,14,45000000.0,0.0,
Aerolineas Argentinas,Aerolineas Argentinas,McDonnell Douglas MD-80,0,0,7,7,45000000.0,0.0,
Aerolineas Argentinas,Austral LÃ­neas AÃ©reas,McDonnell Douglas MD-80,0,0,28,28,45000000.0,0.0,
Air Algerie,Air Algerie,Airbus A300,0,0,2,2,75000000.0,0.0,
Air Algerie,Air Algerie,Airbus A310,0,0,6,6,75000000.0,0.0,
Air Algerie,Air Algerie,Airbus A320,0,0,4,4,98000000.0,0.0,
Air Algerie,Air Algerie,Airbus A330,8,0,4,12,240000000.0,1920000.0,8.1
Air Algerie,Air Algerie,Airbus A340,0,0,3,3,216000000.0,0.0,
Air Algerie,Air Algerie,ATR 42/72,15,0,0,15,22000000.0,332000000.0,10.4
Air Algerie,Air Algerie,Boeing 737,31,1,38,70,74000000.0,2293000.0,8.6
Air Algerie,Air Algerie,Boeing 747,0,0,14,14,316000000.0,0.0,
Air Algerie,Air Algerie,Boeing 767,2,0,7,9,187000000.0,374000000.0,26.3
Air Algerie,Air Algerie,Boeing 777,0,0,2,2,295000000.0,0.0,
Air Algerie,Air Algerie,Boeing 787,0,0,0,0,265000000.0,0.0,
Air Algerie,Air Algerie,McDonnell Douglas DC-10,0,0,2,2,145000000.0,0.0,
Air Algerie,Air Algerie,McDonnell Douglas DC-8,0,0,24,24,6000000.0,0.0,
Air Arabia,Air Arabia,Airbus A320,38,0,28,66,98000000.0,3724000.0,2.9
Air Arabia,Air Arabia Egypt,Airbus A320,1,0,2,3,98000000.0,98000000.0,9.6
Air Arabia,Air Arabia Jordan,Airbus A320,2,0,1,3,98000000.0,196000000.0,10.0
Air Arabia,Air Arabia Maroc,Airbus A320,5,0,5,10,98000000.0,490000000.0,4.4
Air Astana,Air Astana,Airbus A319,1,0,0,1,90000000.0,90000000.0,8.4
Air Astana,Air Astana,Airbus A320,9,0,6,15,98000000.0,882000000.0,3.6
Air Astana,Air Astana,Airbus A321,4,0,0,4,115000000.0,460000000.0,10.6
Air Astana,Air Astana,Boeing 737,0,0,4,4,74000000.0,0.0,
Air Astana,Air Astana,Boeing 757,5,0,0,5,73000000.0,363000000.0,19.5
Air Astana,Air Astana,Boeing 767,3,0,2,5,187000000.0,561000000.0,3.0
Air Astana,Air Astana,Boeing 787,0,0,0,0,265000000.0,0.0,
Air Astana,Air Astana,Embraer ERJ-190,9,0,0,9,46000000.0,416000000.0,4.5
Air Astana,Air Astana,Fokker F50 / F60,0,0,6,6,18000000.0,0.0,
Air Berlin,Air Berlin,Airbus A319,6,0,15,21,90000000.0,538000000.0,8.5
Air Berlin,Air Berlin,Airbus A320,54,7,50,111,98000000.0,5292000.0,7.6
Air Berlin,Air Berlin,Airbus A321,21,0,2,23,115000000.0,2413000.0,6.0
Air Berlin,Air Berlin,Airbus A330,15,2,3,20,240000000.0,3600000.0,13.1
Air Berlin,Air Berlin,ATR 42/72,0,0,1,1,22000000.0,0.0,
Air Berlin,Air Berlin,Boeing 737,14,0,141,155,74000000.0,1036000.0,9.5
Air Berlin,Air Berlin,Boeing 757,0,0,4,4,73000000.0,0.0,
Air Berlin,Air Berlin,British Aerospace BAe 146/Avro RJ,0,0,4,4,14000000.0,0.0,
Air Berlin,Air Berlin,De Havilland Canada DHC-8 Dash 8,20,0,0,20,31000000.0,626000000.0,7.4
Air Berlin,Air Berlin,Embraer ERJ-190,0,0,3,3,46000000.0,0.0,
Air Berlin,Air Berlin,Fokker F70 / F100,0,0,18,18,20000000.0,0.0,
Air Berlin,Air Berlin,McDonnell Douglas MD-80,0,0,1,1,45000000.0,0.0,
Air Canada,Air Canada,Airbus A319,15,0,33,48,90000000.0,1344000.0,18.9
Air Canada,Air Canada Jetz,Airbus A319,3,0,2,5,90000000.0,269000000.0,18.7
Air Canada,Air Canada Rouge,Airbus A319,20,0,0,20,90000000.0,1792000.0,18.6
Air Canada,Air Canada,Airbus A320,42,0,13,55,98000000.0,4115999.9999999995,23.3
Air Canada,Air Canada Jetz,Airbus A320,0,0,5,5,,0.0,
Air Canada,Air Canada,Airbus A321,15,0,3,18,115000000.0,1724000.0,13.7
Air Canada,Air Canada Rouge,Airbus A321,5,0,0,5,115000000.0,575000000.0,1.0
Air Canada,Air Canada,Airbus A330,8,0,0,8,240000000.0,1920000.0,16.3
Air Canada,Air Canada,Airbus A340,0,0,15,15,216000000.0,0.0,
Air Canada,Air Canada,Boeing 727,0,0,28,28,4000000.0,0.0,
Air Canada,Air Canada,Boeing 737,0,0,44,44,74000000.0,0.0,
Air Canada,Air Canada Jetz,Boeing 737,0,0,2,2,74000000.0,0.0,
Air Canada,Air Canada,Boeing 747,0,0,15,15,316000000.0,0.0,
Air Canada,Air Canada,Boeing 767,15,0,48,63,187000000.0,2804000.0,25.8
Air Canada,Air Canada Rouge,Boeing 767,19,0,0,19,187000000.0,3551000.0,18.6
Air Canada,Air Canada,Boeing 777,25,0,0,25,295000000.0,7364000.0,7.1
Air Canada,Air Canada,Boeing 787 Dreamliner,21,3,0,24,265000000.0,5567000.0,1.4
Air Canada,Air Canada,Bombardier CS300,0,0,0,0,72000000.0,0.0,
Air Canada,Air Canada,Canadair CRJ-100 Series,0,0,26,26,32000000.0,0.0,
Air Canada,Air Canada Regional,Canadair CRJ-100 Series,1,0,0,1,32000000.0,32000000.0,18.2
Air Canada,Air Canada,Embraer ERJ-170,0,0,15,15,39000000.0,0.0,
Air Canada,Air Canada,Embraer ERJ-190,25,0,20,45,46000000.0,1155000.0,9.5
Air Canada,Air Canada,McDonnell Douglas DC-8,0,0,43,43,6000000.0,0.0,
Air Canada,Air Canada,McDonnell Douglas DC-9,0,0,64,64,45000000.0,0.0,
Air China,Air Macau (66.9%),Airbus A300,0,0,8,8,75000000.0,0.0,
Air China,Air China,Airbus A319,33,0,3,36,90000000.0,2957000.0,10.5
Air China,Shenzhen Airlines,Airbus A319,5,0,0,5,90000000.0,448000000.0,10.5
Air China,Air Macau (66.9%),Airbus A319,4,0,1,5,90000000.0,358000000.0,14.1
Air China,Air China,Airbus A320,43,2,5,50,98000000.0,4214000.0,4.6
Air China,Shenzhen Airlines,Airbus A320,79,1,1,81,98000000.0,7742000.0,5.3
Air China,Air Macau (66.9%),Airbus A320,3,0,4,7,98000000.0,294000000.0,3.9
Air China,Air China,Airbus A321,55,3,0,58,115000000.0,6320000.0,5.3
Air China,Air Macau (66.9%),Airbus A321,10,0,5,15,115000000.0,1149000.0,6.1
Air China,Air China,Airbus A330,54,1,0,55,240000000.0,12960000.0,5.8
Air China,Shenzhen Airlines,Airbus A330,0,0,0,0,240000000.0,0.0,
Air China,Air China,Airbus A340,0,0,6,6,216000000.0,0.0,
Air China,Air China,Airbus A350 XWB,0,1,0,1,312000000.0,0.0,
Air China,Air China,Boeing 737,144,1,75,220,74000000.0,10653000.0,6.6
Air China,Shenzhen Airlines,Boeing 737,87,0,22,109,74000000.0,6436000.0,6.5
Air China,Shandong Airlines (51%),Boeing 737,98,1,16,115,74000000.0,7250000.0,4.7
Air China,Air China Inner Mongolia,Boeing 737,3,0,0,3,74000000.0,222000000.0,9.1
Air China,Kunming Airlines (80%),Boeing 737,18,0,2,20,74000000.0,1332000.0,4.7
Air China,Dalian Airlines (80%),Boeing 737,9,0,0,9,74000000.0,666000000.0,4.5
Air China,Air China,Boeing 747,10,0,18,28,316000000.0,3158000.0,7.5
Air China,Air China Cargo,Boeing 747,3,0,12,15,316000000.0,947000000.0,14.5
Air China,Air China,Boeing 757,0,0,13,13,73000000.0,0.0,
Air China,Air Macau (66.9%),Boeing 757,0,0,1,1,73000000.0,0.0,
Air China,Air China Cargo,Boeing 757,4,0,0,4,73000000.0,290000000.0,20.4
Air China,Air China,Boeing 767,0,0,15,15,187000000.0,0.0,
Air China,Air China,Boeing 777,29,0,4,33,295000000.0,8542000.0,6.2
Air China,Air China Cargo,Boeing 777,8,0,0,8,295000000.0,2356000.0,2.3
Air China,Air China,Boeing 787 Dreamliner,7,1,0,8,265000000.0,1856000.0,0.4
Air China,Air China,British Aerospace BAe 146/Avro RJ,0,0,4,4,14000000.0,0.0,
Air China,Shandong Airlines (51%),Canadair CRJ-100 Series,0,0,12,12,32000000.0,0.0,
Air China,Shandong Airlines (51%),Canadair CRJ-700,2,0,0,2,41000000.0,82000000.0,13.3
Air China,Shandong Airlines (51%),Comac ARJ21,0,0,0,0,30000000.0,0.0,
Air China,Air China,COMAC C919,0,0,0,0,68000000.0,0.0,
Air China,Shandong Airlines (51%),Saab 340,0,0,1,1,8000000.0,0.0,
Air China,Air China Cargo,Tupolev Tu-204,0,0,1,1,16000000.0,0.0,
Air Europa,Air Europa,Airbus A330,15,0,2,17,240000000.0,3600000.0,10.4
Air Europa,Air Europa,Airbus A340,0,0,1,1,216000000.0,0.0,
Air Europa,Air Europa,ATR 42/72,4,0,6,10,22000000.0,88000000.0,21.9
Air Europa,Air Europa,Boeing 737,21,0,67,88,74000000.0,1554000.0,8.0
Air Europa,Air Europa,Boeing 757,0,0,16,16,73000000.0,0.0,
Air Europa,Air Europa,Boeing 767,0,0,7,7,187000000.0,0.0,
Air Europa,Air Europa,Boeing 787 Dreamliner,3,4,1,8,265000000.0,795000000.0,0.5
Air Europa,Air Europa,Embraer ERJ-145,1,0,0,1,20000000.0,20000000.0,16.9
Air Europa,Air Europa,Embraer ERJ-190,7,0,4,11,46000000.0,323000000.0,6.2
Air Europa,Air Europa,McDonnell Douglas MD-80,0,0,1,1,45000000.0,0.0,
Air France/KLM,Air France,AÃ©rospatiale/BAC Concorde,0,0,7,7,29000000.0,0.0,
Air France/KLM,Air France,Airbus A300,0,0,25,25,75000000.0,0.0,
Air France/KLM,Air France,Airbus A310,0,0,11,11,75000000.0,0.0,
Air France/KLM,Martinair,Airbus A310,0,0,2,2,75000000.0,0.0,
Air France/KLM,Air France,Airbus A318,18,0,0,18,66000000.0,1193000.0,11.6
Air France/KLM,Air France,Airbus A319,38,0,11,49,90000000.0,3405000.0,16.2
Air France/KLM,Air France,Airbus A320,43,0,63,106,98000000.0,4214000.0,9.2
Air France/KLM,Transavia France,Airbus A320,0,0,4,4,98000000.0,0.0,
Air France/KLM,Martinair,Airbus A320,0,0,7,7,98000000.0,0.0,
Air France/KLM,Air France,Airbus A321,20,0,10,30,115000000.0,2298000.0,14.1
Air France/KLM,Air France,Airbus A330,15,0,1,16,240000000.0,3600000.0,14.1
Air France/KLM,Air France,Airbus A340,11,0,19,30,216000000.0,2371000.0,18.3
Air France/KLM,Air France,Airbus A350-900,0,0,0,0,308000000.0,0.0,
Air France/KLM,Air France,Airbus A380,10,0,0,10,433000000.0,4326000.0,5.9
Air France/KLM,Air France,Boeing 727,0,0,5,5,4000000.0,0.0,
Air France/KLM,Air France,Boeing 737,0,0,63,63,74000000.0,0.0,
Air France/KLM,Transavia France,Boeing 737,26,0,0,26,74000000.0,1923000.0,5.5
Air France/KLM,Martinair,Boeing 737,0,0,3,3,74000000.0,0.0,
Air France/KLM,Air France,Boeing 747,0,0,73,73,316000000.0,0.0,
Air France/KLM,Martinair,Boeing 747,1,0,8,9,316000000.0,316000000.0,26.6
Air France/KLM,Martinair,Boeing 757,0,0,2,2,73000000.0,0.0,
Air France/KLM,Air France,Boeing 767,0,0,9,9,187000000.0,0.0,
Air France/KLM,Martinair,Boeing 767,0,0,8,8,187000000.0,0.0,
Air France/KLM,Air France,Boeing 777,70,0,1,71,295000000.0,20619000.0,11.2
Air France/KLM,Air France,Boeing 787 Dreamliner,1,0,0,1,265000000.0,265000000.0,0.1
Air France/KLM,Air France,British Aerospace BAe 146/Avro RJ,0,0,3,3,14000000.0,0.0,
Air France/KLM,KLM Cityhopper,Embraer ERJ-170,4,0,0,4,39000000.0,155000000.0,0.5
Air France/KLM,KLM Cityhopper,Embraer ERJ-190,30,0,0,30,46000000.0,1386000.0,5.5
Air France/KLM,KLM Cityhopper,Fokker F50 / F60,0,0,23,23,18000000.0,0.0,
Air France/KLM,Air France,Fokker F70 / F100,0,0,5,5,20000000.0,0.0,
Air France/KLM,KLM Cityhopper,Fokker F70 / F100,13,0,35,48,20000000.0,260000000.0,20.8
Air France/KLM,Air France,McDonnell Douglas DC-10,0,0,5,5,145000000.0,0.0,
Air France/KLM,Martinair,McDonnell Douglas DC-10,0,0,5,5,145000000.0,0.0,
Air France/KLM,Air France,McDonnell Douglas DC-8,0,0,1,1,6000000.0,0.0,
Air France/KLM,Martinair,McDonnell Douglas DC-8,0,0,6,6,6000000.0,0.0,
Air France/KLM,Martinair,McDonnell Douglas DC-9,0,0,4,4,45000000.0,0.0,
Air France/KLM,Martinair,McDonnell Douglas MD-11,0,0,7,7,175000000.0,0.0,
Air France/KLM,Martinair,McDonnell Douglas MD-80,0,0,3,3,45000000.0,0.0,
Air France/KLM,KLM Cityhopper,Saab 340,0,0,1,1,8000000.0,0.0,
Air India,Air India Regional,ATR 42/72,12,0,3,15,22000000.0,265000000.0,8.4
Air India,Air India Express,Boeing 737,23,0,8,31,74000000.0,1702000.0,6.7
Air India,Air India Regional,Boeing 737,0,0,1,1,74000000.0,0.0,
Air India,Air India Regional,Canadair CRJ-700,3,0,1,4,41000000.0,123000000.0,13.7
Air Malta,Air Malta,Airbus A319,3,0,0,3,,,
Air Malta,Air Malta,Airbus A320,6,0,0,6,,,
Air Mauritius,Air Mauritius,ATR 42/72,3,0,6,9,,,9.1
Air Mauritius,Air Mauritius,Airbus A319,2,0,0,2,,,14.6
Air Mauritius,Air Mauritius,Airbus A330,2,0,0,2,,,8.3
Air Mauritius,Air Mauritius,Airbus A340,6,0,3,9,,,16.7
Air Mauritius,Air Mauritius,Airbus A350 XWB,0,1,0,1,,,
Air Mauritius,Air Mauritius,Boeing 747,0,0,5,5,,,
Air Mauritius,Air Mauritius,Boeing 767,0,0,3,3,,,
Air Namibia,Air Namibia,Airbus A319,4,0,1,5,,,6.5
Air Namibia,Air Namibia,Airbus A330,2,0,0,2,,,3.4
Air Namibia,Air Namibia,Airbus A340,0,0,2,2,,,
Air Namibia,Air Namibia,Boeing 737,0,0,12,12,,,
Air Namibia,Air Namibia,Boeing 747,0,0,6,6,,,
Air Namibia,Air Namibia,Boeing 767,0,0,1,1,,,
Air Namibia,Air Namibia,De Havilland Canada DHC-8 Dash 8,0,0,1,1,,,
Air Namibia,Air Namibia,Embraer ERJ-145,4,0,0,4,,,16.6
Air Namibia,Air Namibia,McDonnell Douglas MD-11,0,0,2,2,,,
Air New Zealand,Air New Zealand,Airbus A320,30,0,0,30,98000000.0,2940000.0,7.0
Air New Zealand,Air New Zealand,Airbus A321,0,0,0,0,115000000.0,0.0,
Air New Zealand,Air New Zealand Link,ATR 42/72,26,0,8,34,22000000.0,575000000.0,7.8
Air New Zealand,Air New Zealand,Boeing 737,0,0,51,51,74000000.0,0.0,
Air New Zealand,Air New Zealand,Boeing 747,0,0,15,15,316000000.0,0.0,
Air New Zealand,Air New Zealand,Boeing 767,2,0,21,23,187000000.0,374000000.0,22.8
Air New Zealand,Air New Zealand,Boeing 777,15,0,0,15,295000000.0,4418000.0,7.9
Air New Zealand,Air New Zealand,Boeing 787 Dreamliner,9,1,0,10,265000000.0,2386000.0,1.7
Air New Zealand,Air New Zealand Link,Bombardier Q300,23,0,0,23,31000000.0,720000000.0,10.2
Air New Zealand,Air New Zealand Link,British Aerospace BAe 146/Avro RJ,0,0,8,8,14000000.0,0.0,
Air New Zealand,Air New Zealand,McDonnell Douglas DC-10,0,0,8,8,145000000.0,0.0,
Air New Zealand,Air New Zealand,McDonnell Douglas DC-8,0,0,8,8,6000000.0,0.0,
Air Transat,Air Transat,Airbus A310,9,0,5,14,75000000.0,675000000.0,26.4
Air Transat,Air Transat,Airbus A320,0,0,2,2,98000000.0,0.0,
Air Transat,Air Transat,Airbus A330,14,0,0,14,240000000.0,3360000.0,15.8
Air Transat,Air Transat,Boeing 727,0,0,1,1,4000000.0,0.0,
Air Transat,Air Transat,Boeing 737,18,0,7,25,74000000.0,1332000.0,10.9
Air Transat,Air Transat,Boeing 757,0,0,9,9,73000000.0,0.0,
Air Wisconsin,Air Wisconsin,British Aerospace BAe 146/Avro RJ,0,0,26,26,14000000.0,0.0,
Air Wisconsin,Air Wisconsin,British Aerospace BAe ATP,0,0,10,10,14000000.0,0.0,
Air Wisconsin,Air Wisconsin,Canadair CRJ-100 Series,66,0,5,71,32000000.0,2102000.0,14.4
Air Wisconsin,Air Wisconsin,De Havilland Canada DHC-8 Dash 8,0,0,12,12,7000000.0,0.0,
Air Wisconsin,Air Wisconsin,Dornier Do-328,0,0,23,23,8000000.0,0.0,
AirAsia,AirAsia,Airbus A320,77,0,30,107,98000000.0,7546000.0,6.2
AirAsia,AirAsia India,Airbus A320,8,0,0,8,98000000.0,784000000.0,6.6
AirAsia,AirAsia Japan,Airbus A320,2,0,5,7,98000000.0,196000000.0,1.1
AirAsia,Thai AirAsia,Airbus A320,50,2,0,52,98000000.0,4900000.0,5.0
AirAsia,Indonesia AirAsia,Airbus A320,17,0,17,34,98000000.0,1666000.0,6.0
AirAsia,Indonesia AirAsia X,Airbus A320,5,0,0,5,98000000.0,490000000.0,7.6
AirAsia,Philippines AirAsia,Airbus A320,15,0,0,0,98000000.0,1470000.0,
AirAsia,AirAsia,Airbus A321,0,0,0,0,115000000.0,0.0,
AirAsia,AirAsia X,Airbus A330,22,0,8,30,240000000.0,5280000.0,4.0
AirAsia,Thai AirAsia X,Airbus A330,6,0,0,6,240000000.0,1440000.0,7.8
AirAsia,Indonesia AirAsia X,Airbus A330,2,0,0,2,240000000.0,480000000.0,11.4
AirAsia,AirAsia X,Airbus A340,0,0,2,2,216000000.0,0.0,
AirAsia,AirAsia X,Airbus A350,0,0,0,0,312000000.0,0.0,
AirAsia,AirAsia,Boeing 737,0,0,32,32,74000000.0,0.0,
AirAsia,Thai AirAsia,Boeing 737,0,0,14,14,74000000.0,0.0,
AirAsia,Indonesia AirAsia,Boeing 737,0,0,12,12,74000000.0,0.0,
AirAsia,AirAsia,Boeing 747,0,0,3,3,316000000.0,0.0,
AirAsia,AirAsia,McDonnell Douglas MD-11,0,0,1,1,175000000.0,0.0,
Alaska Airlines,Alaska Airlines,Boeing 737,157,2,39,198,74000000.0,11615000.0,9.0
Alaska Airlines,Alaska Airlines,Canadair CRJ-700,1,0,7,8,41000000.0,41000000.0,15.2
Alaska Airlines,Horizon Air,Canadair CRJ-700,0,0,21,21,41000000.0,0.0,
Alaska Airlines,Horizon Air,De Havilland Canada DHC-8 Dash 8,52,0,56,108,31000000.0,1628000.0,10.2
Alaska Airlines,Horizon Air,Dornier Do-328,0,0,12,12,8000000.0,0.0,
Alaska Airlines,Horizon Air,Embraer E175,0,0,0,0,39000000.0,0.0,
Alaska Airlines,Alaska Airlines,Embraer ERJ-170,15,0,0,15,39000000.0,581000000.0,0.8
Alaska Airlines,Alaska Airlines,McDonnell Douglas MD-80,0,0,48,48,45000000.0,,
Alitalia,Alitalia,Airbus A300,0,0,14,14,75000000.0,0.0,
Alitalia,Alitalia,Airbus A319,22,0,0,22,90000000.0,1971000.0,9.7
Alitalia,Alitalia,Airbus A320,44,0,10,54,98000000.0,4312000.0,9.9
Alitalia,Alitalia,Airbus A321,12,0,11,23,115000000.0,1379000.0,19.4
Alitalia,Alitalia,Airbus A330,14,0,0,14,240000000.0,3360000.0,7.6
Alitalia,Alitalia,ATR 42/72,0,0,14,14,22000000.0,0.0,
Alitalia,Alitalia,Boeing 737,0,0,2,2,74000000.0,0.0,
Alitalia,Alitalia,Boeing 747,0,0,21,21,316000000.0,0.0,
Alitalia,Alitalia,Boeing 767,0,0,14,14,187000000.0,0.0,
Alitalia,Alitalia,Boeing 777,11,0,0,11,295000000.0,3240000.0,13.6
Alitalia,Alitalia Cityliner,Canadair CRJ-900,0,0,10,10,46000000.0,0.0,
Alitalia,Alitalia Cityliner,Embraer ERJ-170,15,0,0,15,39000000.0,581000000.0,4.6
Alitalia,Alitalia Cityliner,Embraer ERJ-190,5,0,0,5,46000000.0,231000000.0,5.0
Alitalia,Alitalia,McDonnell Douglas DC-10,0,0,8,8,145000000.0,0.0,
Alitalia,Alitalia,McDonnell Douglas DC-8,0,0,27,27,6000000.0,0.0,
Alitalia,Alitalia,McDonnell Douglas DC-9,0,0,46,46,45000000.0,0.0,
Alitalia,Alitalia,McDonnell Douglas MD-11,0,0,8,8,175000000.0,0.0,
Alitalia,Alitalia,McDonnell Douglas MD-80,0,0,90,90,45000000.0,0.0,
All Nippon Airways,Vanilla Air,Airbus A320,10,2,3,15,98000000.0,980000000.0,2.0
All Nippon Airways,ANA Wings,Boeing 737,18,0,7,25,74000000.0,1332000.0,19.6
All Nippon Airways,ANA Wings,De Havilland Canada DHC-8 Dash 8,21,0,5,26,31000000.0,657000000.0,9.3
All Nippon Airways,ANA Wings,Mitsubishi MRJ90,0,0,0,0,47000000.0,0.0,
All Nippon Airways,All Nippon Airways,Airbus A320,10,3,23,36,98000000.0,980000000.0,21.2
All Nippon Airways,All Nippon Airways,Airbus A321,2,2,7,11,115000000.0,230000000.0,0.1
All Nippon Airways,All Nippon Airways,Airbus A380,0,0,0,0,433000000.0,0.0,
All Nippon Airways,All Nippon Airways,Boeing 737,43,0,44,87,74000000.0,3181000.0,5.5
All Nippon Airways,All Nippon Airways,Boeing 747,0,0,46,46,316000000.0,0.0,
All Nippon Airways,All Nippon Airways,Boeing 767,49,0,50,99,187000000.0,9158000.0,15.7
All Nippon Airways,All Nippon Airways,Boeing 777,55,0,2,57,295000000.0,16200000.0,12.0
All Nippon Airways,All Nippon Airways,Boeing 787 Dreamliner,56,3,0,59,265000000.0,14846000.0,2.6
All Nippon Airways,All Nippon Airways,Mitsubishi MRJ90,0,0,0,0,47000000.0,0.0,
Allegiant Air,Allegiant Air,Airbus A319,17,6,0,23,90000000.0,1523000.0,11.5
Allegiant Air,Allegiant Air,Airbus A320,16,0,0,16,98000000.0,1568000.0,17.1
Allegiant Air,Allegiant Air,Boeing 757,4,0,2,6,73000000.0,290000000.0,23.6
Allegiant Air,Allegiant Air,McDonnell Douglas DC-9,0,0,3,3,45000000.0,0.0,
Allegiant Air,Allegiant Air,McDonnell Douglas MD-80,48,0,13,61,45000000.0,2160000.0,26.9
American Airlines,American Airlines,Airbus A300,0,0,35,35,75000000.0,0.0,
American Airlines,American Airlines,Airbus A319,125,0,0,125,90000000.0,11200000.0,12.8
American Airlines,American Airlines,Airbus A320,51,0,17,68,98000000.0,4998000.0,15.5
American Airlines,American Airlines,Airbus A321,197,12,0,209,115000000.0,22635000.0,4.9
American Airlines,American Airlines,Airbus A330,24,0,0,24,240000000.0,5760000.0,9.3
American Airlines,American Airlines,Airbus A350 XWB,0,1,0,1,312000000.0,0.0,
American Airlines,American Eagle,ATR 42/72,0,0,70,70,22000000.0,0.0,
American Airlines,American Airlines,Boeing 717,0,0,29,29,37000000.0,0.0,
American Airlines,American Airlines,Boeing 737,282,4,46,332,74000000.0,20862000.0,7.7
American Airlines,American Airlines,Boeing 747,0,0,19,19,316000000.0,0.0,
American Airlines,American Airlines,Boeing 757,51,0,126,177,73000000.0,3698000.0,17.9
American Airlines,American Airlines,Boeing 767,33,0,74,107,187000000.0,6168000.0,19.9
American Airlines,American Airlines,Boeing 777,67,0,0,67,295000000.0,19735000.0,12.1
American Airlines,American Airlines,Boeing 787 Dreamliner,20,6,0,26,265000000.0,5302000.0,1.2
American Airlines,American Airlines,British Aerospace BAe 146/Avro RJ,0,0,8,8,14000000.0,0.0,
American Airlines,PSA Airlines,Canadair CRJ-100 Series,35,0,0,35,32000000.0,1115000.0,12.8
American Airlines,PSA Airlines,Canadair CRJ-700,26,35,0,61,41000000.0,1066000.0,12.2
American Airlines,American Eagle,Canadair CRJ-700,45,0,12,57,41000000.0,1845000.0,10.1
American Airlines,PSA Airlines,Canadair CRJ-900,54,0,0,54,46000000.0,2484000.0,1.5
American Airlines,American Eagle,Canadair CRJ-900,61,0,0,61,46000000.0,2806000.0,1.5
American Airlines,Piedmont Airlines,De Havilland Canada DHC-8 Dash 8,34,0,75,109,31000000.0,1064000.0,26.1
American Airlines,PSA Airlines,Dornier Do-328,0,0,28,28,8000000.0,0.0,
American Airlines,American Eagle,Embraer ERJ-145,97,0,120,217,20000000.0,1901000.0,14.0
American Airlines,Piedmont Airlines,Embraer ERJ-145,10,0,0,10,20000000.0,196000000.0,17.7
American Airlines,American Eagle,Embraer ERJ-170,94,2,0,96,39000000.0,3638000.0,1.9
American Airlines,Envoy Air,Embraer ERJ-170,26,2,0,28,39000000.0,1006000.0,0.6
American Airlines,American Airlines,Embraer ERJ-190,20,0,0,20,46000000.0,924000000.0,9.1
American Airlines,American Airlines,Fokker F70 / F100,0,0,75,75,20000000.0,0.0,
American Airlines,American Airlines,McDonnell Douglas DC-10,0,0,66,66,145000000.0,0.0,
American Airlines,American Airlines,McDonnell Douglas DC-8,0,0,6,6,6000000.0,0.0,
American Airlines,American Airlines,McDonnell Douglas MD-11,0,0,19,19,175000000.0,0.0,
American Airlines,American Airlines,McDonnell Douglas MD-80,58,0,325,383,45000000.0,2610000.0,22.2
American Airlines,American Airlines,McDonnell Douglas MD-90,0,0,5,5,45000000.0,0.0,
American Airlines,American Eagle,Saab 340,0,0,52,52,8000000.0,0.0,
Asiana Airlines,Asiana Airlines,Airbus A320,7,0,4,11,98000000.0,686000000.0,9.3
Asiana Airlines,Air Busan,Airbus A320,6,0,0,6,98000000.0,588000000.0,10.9
Asiana Airlines,Asiana Airlines,Airbus A321,23,0,17,40,115000000.0,2643000.0,5.7
Asiana Airlines,Air Seoul,Airbus A321,3,0,0,3,115000000.0,345000000.0,3.8
Asiana Airlines,Air Busan,Airbus A321,12,0,0,12,115000000.0,1379000.0,13.5
Asiana Airlines,Asiana Airlines,Airbus A330,15,0,0,15,240000000.0,3600000.0,7.3
Asiana Airlines,Asiana Airlines,Airbus A350,0,1,0,1,312000000.0,0.0,
Asiana Airlines,Asiana Airlines,Airbus A380,5,1,0,6,433000000.0,2163000.0,2.0
Asiana Airlines,Asiana Airlines,Boeing 737,0,0,34,34,74000000.0,0.0,
Asiana Airlines,Air Busan,Boeing 737,0,0,7,7,74000000.0,0.0,
Asiana Airlines,Asiana Airlines,Boeing 747,14,0,4,18,316000000.0,4421000.0,20.9
Asiana Airlines,Asiana Airlines,Boeing 767,8,0,11,19,187000000.0,1495000.0,20.3
Asiana Airlines,Asiana Airlines,Boeing 777,11,0,2,13,295000000.0,3240000.0,10.1
Atlas Air,Atlas Air,Boeing 737,0,0,1,1,74000000.0,0.0,
Atlas Air,Atlas Air,Boeing 747,32,0,45,77,316000000.0,10106000.0,14.1
Atlas Air,Atlas Air,Boeing 757,0,0,1,1,73000000.0,0.0,
Atlas Air,Atlas Air,Boeing 767,25,0,1,26,187000000.0,4673000.0,24.1
Azul,Azul,Airbus A320,4,4,0,8,98000000.0,392000000.0,0.1
Azul,Azul,Airbus A330,5,0,2,7,240000000.0,1200000.0,14.1
Azul,Azul,Airbus A350 XWB,0,1,0,1,312000000.0,0.0,
Azul,Azul,ATR 42/72,40,2,42,84,22000000.0,884000000.0,3.5
Azul,Azul,Embraer ERJ-170,0,0,5,5,39000000.0,0.0,
Azul,Azul,Embraer ERJ-190,74,0,14,88,46000000.0,3419000.0,4.9
Cathay Pacific,Air Hong Kong,Airbus A300,10,0,2,12,75000000.0,750000000.0,14.0
Cathay Pacific,Cathay Dragon,Airbus A320,15,0,0,15,98000000.0,1470000.0,11.6
Cathay Pacific,Cathay Dragon,Airbus A321,8,0,0,8,115000000.0,919000000.0,14.2
Cathay Pacific,Cathay Pacific,Airbus A330,42,0,13,55,240000000.0,10080000.0,8.9
Cathay Pacific,Cathay Dragon,Airbus A330,19,0,0,19,240000000.0,4560000.0,16.9
Cathay Pacific,Cathay Pacific,Airbus A340,4,0,21,25,216000000.0,862000000.0,19.0
Cathay Pacific,Cathay Pacific,Airbus A350 XWB,9,6,0,15,312000000.0,2808000.0,0.3
Cathay Pacific,Cathay Pacific,Boeing 747,21,0,63,84,316000000.0,6632000.0,5.9
Cathay Pacific,Air Hong Kong,Boeing 747,3,0,8,11,316000000.0,947000000.0,25.8
Cathay Pacific,Cathay Pacific,Boeing 777,70,0,0,70,295000000.0,20619000.0,8.0
China Airlines,China Airlines,Airbus A300,0,0,20,20,75000000.0,0.0,
China Airlines,Tigerair Taiwan (80%),Airbus A320,9,1,0,10,98000000.0,882000000.0,2.3
China Airlines,China Airlines,Airbus A320,0,0,2,2,98000000.0,0.0,
China Airlines,China Airlines,Airbus A330,24,0,2,26,240000000.0,5760000.0,9.0
China Airlines,China Airlines,Airbus A340,4,0,3,7,216000000.0,862000000.0,14.9
China Airlines,Mandarin Airlines (93.99%),Airbus A340,0,0,1,1,216000000.0,0.0,
China Airlines,China Airlines,Airbus A350 XWB,2,4,0,6,312000000.0,624000000.0,0.2
China Airlines,China Airlines,Boeing 737,22,1,17,40,74000000.0,1628000.0,8.9
China Airlines,Mandarin Airlines (93.99%),Boeing 737,1,0,5,6,74000000.0,74000000.0,1.3
China Airlines,China Airlines,Boeing 747,25,0,35,60,316000000.0,7895000.0,13.6
China Airlines,Mandarin Airlines (93.99%),Boeing 747,0,0,5,5,316000000.0,0.0,
China Airlines,China Airlines,Boeing 767,0,0,2,2,187000000.0,0.0,
China Airlines,China Airlines,Boeing 777,10,0,0,10,295000000.0,2946000.0,1.6
China Airlines,Mandarin Airlines (93.99%),Embraer ERJ-190,6,0,2,8,46000000.0,277000000.0,8.8
China Airlines,Mandarin Airlines (93.99%),Fokker F50 / F60,0,0,7,7,18000000.0,0.0,
China Airlines,Mandarin Airlines (93.99%),Fokker F70 / F100,0,0,6,6,20000000.0,0.0,
China Airlines,China Airlines,McDonnell Douglas MD-11,0,0,5,5,175000000.0,0.0,
China Airlines,Mandarin Airlines (93.99%),McDonnell Douglas MD-11,0,0,5,5,175000000.0,0.0,
China Airlines,Mandarin Airlines (93.99%),Saab 340,0,0,1,1,8000000.0,0.0,
China Eastern Airlines,China Eastern Airlines,Airbus A300,0,0,13,13,75000000.0,0.0,
China Eastern Airlines,China Eastern Airlines,Airbus A310,0,0,5,5,75000000.0,0.0,
China Eastern Airlines,China Eastern Airlines,Airbus A319,36,0,9,45,90000000.0,3226000.0,4.1
China Eastern Airlines,China United Airlines,Airbus A319,0,0,3,3,90000000.0,0.0,
China Eastern Airlines,China Eastern Airlines,Airbus A320,165,2,24,191,98000000.0,16170000.000000002,6.8
China Eastern Airlines,China Eastern Airlines,Airbus A321,64,3,0,67,115000000.0,7354000.0,4.2
China Eastern Airlines,Shanghai Airlines,Airbus A321,0,0,4,4,115000000.0,0.0,
China Eastern Airlines,China Eastern Airlines,Airbus A330,45,0,6,51,240000000.0,10800000.0,5.6
China Eastern Airlines,Shanghai Airlines,Airbus A330,6,0,0,6,240000000.0,1440000.0,7.0
China Eastern Airlines,China Eastern Airlines,Airbus A340,0,0,10,10,216000000.0,0.0,
China Eastern Airlines,China Eastern Airlines,Airbus A350,0,0,0,0,312000000.0,0.0,
China Eastern Airlines,China Eastern Airlines,Boeing 737,125,1,47,173,74000000.0,9248000.0,4.9
China Eastern Airlines,China United Airlines,Boeing 737,32,1,11,44,74000000.0,2367000.0,5.4
China Eastern Airlines,Shanghai Airlines,Boeing 737,75,0,21,96,74000000.0,5549000.0,5.0
China Eastern Airlines,China Cargo Airlines,Boeing 747,3,0,2,5,316000000.0,947000000.0,13.2
China Eastern Airlines,China Cargo Airlines,Boeing 757,0,0,2,2,73000000.0,0.0,
China Eastern Airlines,Shanghai Airlines,Boeing 757,0,0,13,13,73000000.0,0.0,
China Eastern Airlines,China Eastern Airlines,Boeing 767,0,0,3,3,187000000.0,0.0,
China Eastern Airlines,Shanghai Airlines,Boeing 767,6,0,1,7,187000000.0,1121000.0,15.7
China Eastern Airlines,China Eastern Airlines,Boeing 777,16,0,0,16,295000000.0,4713000.0,1.2
China Eastern Airlines,China Cargo Airlines,Boeing 777,6,0,0,6,295000000.0,1767000.0,6.2
China Eastern Airlines,China Eastern Airlines,Boeing 787,0,0,0,0,265000000.0,0.0,
China Eastern Airlines,China Eastern Airlines,British Aerospace BAe 146/Avro RJ,0,0,13,13,14000000.0,0.0,
China Eastern Airlines,China Eastern Airlines,Canadair CRJ-100 Series,0,0,5,5,32000000.0,0.0,
China Eastern Airlines,Shanghai Airlines,Canadair CRJ-100 Series,0,0,5,5,32000000.0,0.0,
China Eastern Airlines,China United Airlines,Comac ARJ21,0,0,0,0,30000000.0,0.0,
China Eastern Airlines,China Eastern Airlines,COMAC C919,0,0,0,0,68000000.0,0.0,
China Eastern Airlines,China Eastern Airlines,Embraer ERJ-145,0,0,10,10,20000000.0,0.0,
China Eastern Airlines,China Eastern Airlines,Fokker F70 / F100,0,0,10,10,20000000.0,0.0,
China Eastern Airlines,China Eastern Airlines,McDonnell Douglas MD-11,0,0,6,6,175000000.0,0.0,
China Eastern Airlines,China Cargo Airlines,McDonnell Douglas MD-11,0,0,9,9,175000000.0,0.0,
China Eastern Airlines,Shanghai Airlines,McDonnell Douglas MD-11,0,0,4,4,175000000.0,0.0,
China Eastern Airlines,China Eastern Airlines,McDonnell Douglas MD-80,0,0,16,16,45000000.0,0.0,
China Eastern Airlines,China Eastern Airlines,McDonnell Douglas MD-90,0,0,9,9,45000000.0,0.0,
China Southern Airlines,China Southern Airlines,Airbus A300,0,0,6,6,75000000.0,0.0,
China Southern Airlines,China Southern Airlines,Airbus A319,34,0,7,41,90000000.0,3046000.0,10.6
China Southern Airlines,China Southern Airlines,Airbus A320,123,8,14,145,98000000.0,12054000.0,7.3
China Southern Airlines,China Southern Airlines,Airbus A321,88,5,0,93,115000000.0,10111000.0,6.5
China Southern Airlines,China Southern Airlines,Airbus A330,38,1,0,39,240000000.0,9120000.0,5.8
China Southern Airlines,China Southern Airlines,Airbus A380,5,0,0,5,433000000.0,2163000.0,5.1
China Southern Airlines,China Southern Airlines,ATR 42/72,0,0,5,5,22000000.0,0.0,
China Southern Airlines,China Southern Airlines,Boeing 737,169,0,65,234,74000000.0,12503000.0,6.8
China Southern Airlines,China Southern Airlines,Boeing 747,2,0,0,2,316000000.0,632000000.0,14.4
China Southern Airlines,China Southern Airlines,Boeing 757,7,0,24,31,73000000.0,508000000.0,17.8
China Southern Airlines,China Southern Airlines,Boeing 767,0,0,6,6,187000000.0,0.0,
China Southern Airlines,China Southern Airlines,Boeing 777,26,0,6,32,295000000.0,7658000.0,5.9
China Southern Airlines,China Southern Airlines,Boeing 787 Dreamliner,10,0,0,10,265000000.0,2651000.0,3.3
China Southern Airlines,China Southern Airlines,COMAC C919,0,0,0,0,68000000.0,0.0,
China Southern Airlines,China Southern Airlines,Embraer ERJ-145,0,0,6,6,20000000.0,0.0,
China Southern Airlines,China Southern Airlines,Embraer ERJ-190,20,0,0,20,46000000.0,924000000.0,4.7
China Southern Airlines,China Southern Airlines,McDonnell Douglas MD-80,0,0,23,23,45000000.0,0.0,
China Southern Airlines,China Southern Airlines,McDonnell Douglas MD-90,0,0,13,13,45000000.0,0.0,
Copa Airlines,Copa Airlines,Boeing 737,76,1,33,110,74000000.0,5622000.0,6.3
Copa Airlines,Copa Airlines Colombia,Boeing 737,1,0,0,1,74000000.0,74000000.0,17.2
Copa Airlines,Copa Airlines,Embraer ERJ-190,12,0,3,15,46000000.0,554000000.0,9.7
Copa Airlines,Copa Airlines Colombia,Embraer ERJ-190,9,0,5,14,46000000.0,416000000.0,9.2
easyJet,easyJet,Airbus A319,133,0,39,172,90000000.0,11917000.0,9.6
easyJet,easyJet - Switzerland,Airbus A319,11,0,22,33,90000000.0,986000000.0,5.5
easyJet,easyJet,Airbus A320,101,3,24,128,98000000.0,9898000.0,3.6
easyJet,easyJet - Switzerland,Airbus A320,15,0,0,15,98000000.0,1470000.0,5.0
easyJet,easyJet,Airbus A321,0,0,8,8,115000000.0,0.0,
easyJet,easyJet,Boeing 737,0,0,84,84,74000000.0,0.0,
easyJet,easyJet - Switzerland,Boeing 737,0,0,8,8,74000000.0,0.0,
easyJet,easyJet,Boeing 757,0,0,4,4,73000000.0,0.0,
Emirates,Emirates,Airbus A300,0,0,7,7,75000000.0,0.0,
Emirates,Emirates,Airbus A310,0,0,13,13,75000000.0,0.0,
Emirates,Emirates,Airbus A319,1,0,0,1,90000000.0,90000000.0,5.3
Emirates,Emirates,Airbus A330,0,0,29,29,115000000.0,0.0,
Emirates,Emirates,Airbus A340,0,0,18,18,216000000.0,0.0,
Emirates,Emirates,Airbus A380,87,15,0,102,433000000.0,37636000.0,3.7
Emirates,Emirates,Boeing 737,0,0,1,1,74000000.0,0.0,
Emirates,Emirates,Boeing 747,2,0,4,6,316000000.0,632000000.0,9.2
Emirates,Emirates,Boeing 777,159,5,10,174,295000000.0,46833000.0,6.4
Ethiopian Airlines,Ethiopian Airlines,Airbus A350 XWB,2,2,0,4,312000000.0,624000000.0,0.4
Ethiopian Airlines,Ethiopian Airlines,ATR 42/72,0,0,3,3,22000000.0,0.0,
Ethiopian Airlines,Ethiopian Airlines,Boeing 737,21,0,9,30,74000000.0,1554000.0,6.5
Ethiopian Airlines,Ethiopian Airlines,Boeing 757,3,0,9,12,73000000.0,218000000.0,23.2
Ethiopian Airlines,Ethiopian Airlines,Boeing 767,6,0,12,18,187000000.0,1121000.0,14.4
Ethiopian Airlines,Ethiopian Airlines,Boeing 777,16,0,0,16,295000000.0,4713000.0,3.6
Ethiopian Airlines,Ethiopian Airlines,Boeing 787 Dreamliner,16,3,0,19,265000000.0,4242000.0,2.5
Ethiopian Airlines,Ethiopian Airlines,De Havilland Canada DHC-8 Dash 8,18,0,0,18,31000000.0,563000000.0,4.7
Ethiopian Airlines,Ethiopian Airlines,Fokker F50 / F60,0,0,5,5,18000000.0,0.0,
Ethiopian Airlines,Ethiopian Airlines,McDonnell Douglas MD-11,0,0,3,3,175000000.0,0.0,
Etihad Airways,Etihad Airways,Airbus A300,0,0,3,3,75000000.0,0.0,
Etihad Airways,Etihad Airways,Airbus A310,0,0,1,1,75000000.0,0.0,
Etihad Airways,Etihad Airways,Airbus A319,2,0,2,4,90000000.0,179000000.0,13.7
Etihad Airways,Etihad Airways,Airbus A320,23,0,4,27,98000000.0,2254000.0,6.6
Etihad Airways,Etihad Airways,Airbus A321,10,0,0,10,115000000.0,1149000.0,1.8
Etihad Airways,Etihad Airways,Airbus A330,30,1,11,42,240000000.0,7200000.0,8.1
Etihad Airways,Etihad Airways,Airbus A340,10,0,3,13,216000000.0,2156000.0,9.0
Etihad Airways,Etihad Airways,Airbus A350 XWB,0,1,0,1,312000000.0,0.0,
Etihad Airways,Etihad Airways,Airbus A380,8,1,0,9,433000000.0,3461000.0,1.7
Etihad Airways,Etihad Airways,Boeing 747,1,0,1,2,316000000.0,316000000.0,17.7
Etihad Airways,Etihad Airways,Boeing 767,0,0,2,2,187000000.0,0.0,
Etihad Airways,Etihad Airways,Boeing 777,30,0,5,35,295000000.0,8837000.0,6.2
Etihad Airways,Etihad Airways,Boeing 787 Dreamliner,10,2,0,12,265000000.0,2651000.0,1.1
EVA Air,EVA Air,Airbus A320,0,0,1,1,98000000.0,0.0,
EVA Air,EVA Air,Airbus A321,22,0,2,24,115000000.0,2528000.0,2.0
EVA Air,Uni Air,Airbus A321,2,0,0,2,115000000.0,230000000.0,2.7
EVA Air,EVA Air,Airbus A330,10,2,6,18,240000000.0,2400000.0,7.5
EVA Air,EVA Air,ATR 42/72,2,0,0,2,22000000.0,44000000.0,0.3
EVA Air,Uni Air,ATR 42/72,13,0,0,13,22000000.0,287000000.0,3.0
EVA Air,EVA Air,Boeing 747,9,0,10,19,316000000.0,2842000.0,19.0
EVA Air,EVA Air,Boeing 757,0,0,2,2,73000000.0,0.0,
EVA Air,Uni Air,Boeing 757,0,0,1,1,73000000.0,0.0,
EVA Air,EVA Air,Boeing 767,0,0,9,9,187000000.0,0.0,
EVA Air,EVA Air,Boeing 777,29,0,0,29,295000000.0,8542000.0,5.3
EVA Air,EVA Air,Boeing 787,0,0,0,0,265000000.0,0.0,
EVA Air,Uni Air,British Aerospace BAe 146/Avro RJ,0,0,4,4,14000000.0,0.0,
EVA Air,Uni Air,De Havilland Canada DHC-8 Dash 8,0,0,14,14,7000000.0,0.0,
EVA Air,EVA Air,McDonnell Douglas MD-11,0,0,12,12,175000000.0,0.0,
EVA Air,EVA Air,McDonnell Douglas MD-90,0,0,7,7,45000000.0,0.0,
EVA Air,Uni Air,McDonnell Douglas MD-90,0,0,14,14,45000000.0,0.0,
Finnair,Finnair,Airbus A300,0,0,2,2,75000000.0,0.0,
Finnair,Finnair,Airbus A319,9,0,2,11,90000000.0,806000000.0,15.5
Finnair,Finnair,Airbus A320,10,0,2,12,98000000.0,980000000.0,14.4
Finnair,Finnair,Airbus A321,11,1,0,12,115000000.0,1264000.0,10.0
Finnair,Finnair,Airbus A330,8,0,0,8,240000000.0,1920000.0,7.2
Finnair,Finnair,Airbus A340,2,0,5,7,216000000.0,431000000.0,9.0
Finnair,Finnair,Airbus A350 XWB,7,2,0,9,312000000.0,2184000.0,0.9
Finnair,Finnair,ATR 42/72,0,0,15,15,22000000.0,0.0,
Finnair,Finnair,Boeing 737,0,0,2,2,74000000.0,0.0,
Finnair,Finnair,Boeing 757,0,0,7,7,73000000.0,0.0,
Finnair,Nordic Regional Airlines,Embraer E-190,12,0,0,12,46000000.0,554000000.0,7.6
Finnair,Finnair,Embraer ERJ-170,0,0,10,10,39000000.0,0.0,
Finnair,Finnair,Embraer ERJ-190,12,0,0,12,46000000.0,554000000.0,8.5
Finnair,Finnair,McDonnell Douglas DC-10,0,0,5,5,145000000.0,0.0,
Finnair,Finnair,McDonnell Douglas DC-8,0,0,4,4,6000000.0,0.0,
Finnair,Finnair,McDonnell Douglas DC-9,0,0,27,27,45000000.0,0.0,
Finnair,Finnair,McDonnell Douglas MD-11,0,0,7,7,175000000.0,0.0,
Finnair,Finnair,McDonnell Douglas MD-80,0,0,26,26,45000000.0,0.0,
Finnair,Finnair,Saab 340,0,0,3,3,8000000.0,0.0,
Flybe,Flybe,ATR 42/72,9,0,0,9,22000000.0,199000000.0,6.6
Flybe,Flybe,Boeing 737,0,0,4,4,74000000.0,0.0,
Flybe,Flybe,British Aerospace BAe 146/Avro RJ,0,0,24,24,14000000.0,0.0,
Flybe,Flybe,Canadair CRJ-100 Series,0,0,4,4,32000000.0,0.0,
Flybe,Flybe,De Havilland Canada DHC-6 Twin Otter,1,0,0,1,7000000.0,7000000.0,36.9
Flybe,Flybe,De Havilland Canada DHC-8 Dash 8,55,4,32,91,31000000.0,1722000.0,9.6
Flybe,Flybe,Dornier Do-328,2,0,1,3,8000000.0,16000000.0,20.0
Flybe,Flybe,Embraer ERJ-145,0,0,28,28,20000000.0,0.0,
Flybe,Flybe,Embraer ERJ-170,11,0,0,11,39000000.0,426000000.0,4.7
Flybe,Flybe,Embraer ERJ-190,9,0,5,14,46000000.0,416000000.0,8.8
Flybe,Flybe,Saab 2000,3,0,0,3,12000000.0,36000000.0,22.4
Flybe,Flybe,Saab 340,12,0,2,14,8000000.0,96000000.0,26.2
Frontier Airlines,Frontier Airlines,Airbus A318,0,0,11,11,66000000.0,0.0,
Frontier Airlines,Frontier Airlines,Airbus A319,23,0,30,53,90000000.0,2061000.0,11.9
Frontier Airlines,Frontier Airlines,Airbus A320,28,7,1,36,98000000.0,2744000.0,5.7
Frontier Airlines,Frontier Airlines,Airbus A321,13,2,0,15,115000000.0,1494000.0,0.7
Frontier Airlines,Frontier Airlines,Boeing 737,0,0,42,42,74000000.0,0.0,
Frontier Airlines,Frontier Airlines,De Havilland Canada DHC-8 Dash 8,0,0,11,11,7000000.0,0.0,
Garuda Indonesia,Garuda Indonesia,Airbus A300,0,0,22,22,75000000.0,0.0,
Garuda Indonesia,Citilink,Airbus A320,41,5,0,46,98000000.0,4018000.0,4.6
Garuda Indonesia,Garuda Indonesia,Airbus A330,24,0,30,54,240000000.0,5760000.0,7.1
Garuda Indonesia,Garuda Indonesia,Airbus A340,0,0,3,3,216000000.0,0.0,
Garuda Indonesia,Garuda Indonesia,ATR 42/72,15,0,0,15,22000000.0,332000000.0,1.9
Garuda Indonesia,Garuda Indonesia,Boeing 737,74,0,75,149,74000000.0,5475000.0,5.3
Garuda Indonesia,Citilink,Boeing 737,4,0,14,18,74000000.0,296000000.0,19.1
Garuda Indonesia,Garuda Indonesia,Boeing 747,2,0,61,63,316000000.0,632000000.0,22.8
Garuda Indonesia,Garuda Indonesia,Boeing 767,0,0,19,19,187000000.0,0.0,
Garuda Indonesia,Garuda Indonesia,Boeing 777,10,0,4,14,295000000.0,2946000.0,2.3
Garuda Indonesia,Garuda Indonesia,Canadair CRJ-1000,18,0,0,18,49000000.0,882000000.0,3.2
Garuda Indonesia,Garuda Indonesia,Lockheed L-1011 TriStar,0,0,1,1,190000000.0,0.0,
Garuda Indonesia,Garuda Indonesia,McDonnell Douglas DC-10,0,0,25,25,145000000.0,0.0,
Garuda Indonesia,Garuda Indonesia,McDonnell Douglas DC-8,0,0,11,11,6000000.0,0.0,
Garuda Indonesia,Garuda Indonesia,McDonnell Douglas DC-9,0,0,25,25,45000000.0,0.0,
Garuda Indonesia,Garuda Indonesia,McDonnell Douglas MD-11,0,0,18,18,175000000.0,0.0,
Hainan Airlines,Lucky Air (86.68%),Airbus A319,3,0,0,3,90000000.0,269000000.0,11.0
Hainan Airlines,Capital Airlines (70%),Airbus A319,19,0,10,29,90000000.0,1702000.0,8.6
Hainan Airlines,Hainan Airlines,Airbus A319,0,0,6,6,90000000.0,0.0,
Hainan Airlines,Lucky Air (86.68%),Airbus A320,7,1,0,8,98000000.0,686000000.0,4.0
Hainan Airlines,Capital Airlines (70%),Airbus A320,34,0,0,34,98000000.0,3332000.0,3.8
Hainan Airlines,Capital Airlines (70%),Airbus A321,11,0,0,11,115000000.0,1264000.0,0.8
Hainan Airlines,Hainan Airlines,Airbus A330,22,0,6,28,240000000.0,5280000.0,4.2
Hainan Airlines,Capital Airlines (70%),Airbus A330,4,4,0,8,240000000.0,960000000.0,7.5
Hainan Airlines,Hainan Airlines,Airbus A340,0,0,3,3,216000000.0,0.0,
Hainan Airlines,Hainan Airlines,Boeing 737,126,2,45,173,74000000.0,9321000.0,5.5
Hainan Airlines,China Xinhua Airlines (100%),Boeing 737,5,0,12,17,74000000.0,370000000.0,12.1
Hainan Airlines,Lucky Air (86.68%),Boeing 737,26,2,6,34,74000000.0,1923000.0,5.3
Hainan Airlines,Urumqi Airlines (70%),Boeing 737,9,0,0,9,74000000.0,666000000.0,5.6
Hainan Airlines,Chang An Airlines (67.01%),Boeing 737-800,3,0,0,0,96000000.0,288000000.0,
Hainan Airlines,Hainan Airlines,Boeing 767,3,0,2,5,187000000.0,561000000.0,14.1
Hainan Airlines,Hainan Airlines,Boeing 787 Dreamliner,18,3,0,21,265000000.0,4772000.0,1.8
Hainan Airlines,Hainan Airlines,COMAC C919,0,0,0,0,68000000.0,0.0,
Hainan Airlines,Hainan Airlines,Dornier Do-328,0,0,27,27,8000000.0,0.0,
Hainan Airlines,Capital Airlines (70%),Gulfstream Aerospace G-V Gulfstream,1,0,0,1,,0.0,
Hainan Airlines,Capital Airlines (70%),Gulfstream Aerospace G500/G550,2,0,0,2,,0.0,
Hainan Airlines,Capital Airlines (70%),Hawker Beechcraft Hawker 4000,1,0,0,1,,0.0,
Hawaiian Airlines,Hawaiian Airlines,Airbus A321,0,0,0,0,115000000.0,0.0,
Hawaiian Airlines,Hawaiian Airlines,Airbus A330,23,0,0,23,240000000.0,5520000.0,3.7
Hawaiian Airlines,Hawaiian Airlines,ATR 42/72,3,0,0,0,22000000.0,66000000.0,
Hawaiian Airlines,Hawaiian Airlines,Boeing 717,18,2,1,21,37000000.0,666000000.0,15.3
Hawaiian Airlines,Hawaiian Airlines,Boeing 767,8,0,10,18,187000000.0,1495000.0,17.8
Hawaiian Airlines,Hawaiian Airlines,McDonnell Douglas DC-10,0,0,25,25,145000000.0,0.0,
Hawaiian Airlines,Hawaiian Airlines,McDonnell Douglas DC-8,0,0,11,11,6000000.0,0.0,
Hawaiian Airlines,Hawaiian Airlines,McDonnell Douglas DC-9,0,0,38,38,45000000.0,0.0,
Hawaiian Airlines,Hawaiian Airlines,McDonnell Douglas MD-80,0,0,6,6,45000000.0,0.0,
IAG,British Airways,AÃ©rospatiale/BAC Concorde,0,0,7,7,29000000.0,0.0,
IAG,British Airways,Airbus A318,2,0,0,2,66000000.0,133000000.0,7.3
IAG,British Airways,Airbus A319,44,0,0,44,90000000.0,3942000.0,15.0
IAG,Aer Lingus,Airbus A319,0,0,4,4,90000000.0,0.0,
IAG,British Airways,Airbus A320,67,0,11,78,98000000.0,6566000.0,10.5
IAG,Iberia Express,Airbus A320,18,0,12,30,98000000.0,1764000.0,13.0
IAG,Aer Lingus,Airbus A320,34,0,6,40,98000000.0,3332000.0,10.9
IAG,British Airways,Airbus A321,18,0,0,18,115000000.0,2068000.0,11.2
IAG,Iberia Express,Airbus A321,3,0,0,3,115000000.0,345000000.0,11.7
IAG,Aer Lingus,Airbus A321,3,0,3,6,115000000.0,345000000.0,17.6
IAG,Aer Lingus,Airbus A330,10,0,5,15,240000000.0,2400000.0,9.2
IAG,British Airways,Airbus A350,0,0,0,0,312000000.0,0.0,
IAG,Aer Lingus,Airbus A350 XWB,0,1,0,1,312000000.0,0.0,
IAG,British Airways,Airbus A380,12,0,0,12,433000000.0,5191000.0,2.7
IAG,British Airways,Boeing 737,0,0,123,123,74000000.0,0.0,
IAG,Aer Lingus,Boeing 737,0,0,38,38,74000000.0,0.0,
IAG,British Airways,Boeing 747,37,0,64,101,316000000.0,11685000.0,20.4
IAG,Aer Lingus,Boeing 747,0,0,4,4,316000000.0,0.0,
IAG,British Airways,Boeing 757,0,0,56,56,73000000.0,0.0,
IAG,Aer Lingus,Boeing 757,4,0,0,4,73000000.0,290000000.0,20.1
IAG,British Airways,Boeing 767,7,0,24,31,187000000.0,1308000.0,21.9
IAG,Aer Lingus,Boeing 767,0,0,3,3,187000000.0,0.0,
IAG,British Airways,Boeing 777,58,0,3,61,295000000.0,17084000.0,14.4
IAG,British Airways,Boeing 787 Dreamliner,23,1,0,24,265000000.0,6097000.0,1.6
IAG,British Airways,British Aerospace BAe 146/Avro RJ,0,0,4,4,14000000.0,0.0,
IAG,BA CityFlyer,British Aerospace BAe 146/Avro RJ,0,0,12,12,14000000.0,0.0,
IAG,Aer Lingus,British Aerospace BAe 146/Avro RJ,0,0,12,12,14000000.0,0.0,
IAG,British Airways,British Aerospace BAe ATP,0,0,16,16,14000000.0,0.0,
IAG,British Airways,De Havilland Canada DHC-6 Twin Otter,0,0,1,1,7000000.0,0.0,
IAG,British Airways,De Havilland Canada DHC-8 Dash 8,0,0,2,2,7000000.0,0.0,
IAG,BA CityFlyer,Embraer ERJ-170,6,0,0,6,39000000.0,232000000.0,7.1
IAG,BA CityFlyer,Embraer ERJ-190,14,0,0,14,46000000.0,647000000.0,5.8
IAG,Aer Lingus,Fokker F50 / F60,0,0,8,8,18000000.0,0.0,
IAG,British Airways,Fokker F70 / F100,0,0,6,6,20000000.0,0.0,
IAG,British Airways,Lockheed L-1011 TriStar,0,0,6,6,190000000.0,0.0,
IAG,British Airways,McDonnell Douglas DC-10,0,0,8,8,145000000.0,0.0,
IAG,Aer Lingus,McDonnell Douglas DC-8,0,0,2,2,6000000.0,0.0,
IAG,Aer Lingus,McDonnell Douglas MD-11,0,0,1,1,175000000.0,0.0,
IAG,BA CityFlyer,Saab 2000,2,0,1,3,12000000.0,24000000.0,22.1
IAG,British Airways,Saab 340,0,0,11,11,8000000.0,0.0,
Japan Airlines,Japan Airlines,Airbus A300,0,0,22,22,75000000.0,0.0,
Japan Airlines,Japan Airlines,Airbus A350,0,0,0,0,312000000.0,0.0,
Japan Airlines,Japan Air Commuter (60% owned),ATR 42-600,0,0,0,0,20000000.0,0.0,
Japan Airlines,Japan Airlines,Boeing 737,50,0,7,57,74000000.0,3699000.0,6.9
Japan Airlines,Japan Transocean Air (72.8%),Boeing 737,13,1,22,36,74000000.0,962000000.0,16.6
Japan Airlines,Japan Airlines,Boeing 747,0,0,114,114,316000000.0,0.0,
Japan Airlines,Japan Transocean Air (72.8%),Boeing 767,0,0,2,2,187000000.0,0.0,
Japan Airlines,Japan Airlines,Boeing 767,39,0,21,60,187000000.0,7289000.0,11.5
Japan Airlines,Japan Airlines,Boeing 777,40,0,6,46,295000000.0,11782000.0,13.4
Japan Airlines,Japan Airlines,Boeing 787 Dreamliner,31,6,0,37,265000000.0,8218000.0,2.6
Japan Airlines,J-Air,Canadair CRJ-200 Series,8,0,2,9,32000000.0,255000000.0,12.9
Japan Airlines,Japan Air Commuter (60% owned),De Havilland Canada DHC-8 Dash 8,10,0,2,11,31000000.0,313000000.0,12.0
Japan Airlines,J-Air,Embraer ERJ-170,17,0,0,17,39000000.0,658000000.0,5.3
Japan Airlines,J-Air,Embraer ERJ-190,3,1,0,5,46000000.0,139000000.0,0.4
Japan Airlines,Japan Airlines,McDonnell Douglas DC-10,0,0,20,20,145000000.0,0.0,
Japan Airlines,Japan Airlines,McDonnell Douglas DC-8,0,0,58,58,6000000.0,0.0,
Japan Airlines,Japan Airlines,McDonnell Douglas MD-11,0,0,10,10,175000000.0,0.0,
Japan Airlines,Japan Airlines,McDonnell Douglas MD-80,0,0,19,19,45000000.0,0.0,
Japan Airlines,Japan Airlines,McDonnell Douglas MD-90,0,0,16,16,45000000.0,0.0,
Japan Airlines,Japan Airlines,Mitsubishi MRJ90,0,0,0,0,47000000.0,0.0,
Japan Airlines,J-Air,Mitsubishi MRJ90,0,0,0,0,47000000.0,0.0,
Japan Airlines,Japan Air Commuter (60% owned),Saab 340,9,0,2,11,8000000.0,72000000.0,21.3
Japan Airlines,Hokkaido Air System (57.3%),Saab 340,3,0,0,3,8000000.0,24000000.0,18.3
Jet Airways,Jet Airways,Airbus A320,0,0,1,1,98000000.0,0.0,
Jet Airways,Jet Airways,Airbus A330,11,0,5,16,240000000.0,2640000.0,7.0
Jet Airways,Jet Airways,Airbus A340,0,0,3,3,216000000.0,0.0,
Jet Airways,Jet Airways,ATR 42/72,13,0,8,21,22000000.0,287000000.0,7.4
Jet Airways,Jet Airways,Boeing 737,70,0,53,123,74000000.0,5179000.0,7.4
Jet Airways,Jet Airways,Boeing 777,9,0,1,10,295000000.0,2651000.0,9.3
Jet Airways,Jet Airways,Boeing 787,0,0,0,0,265000000.0,0.0,
JetBlue,JetBlue Airways,Airbus A320,130,0,12,142,98000000.0,12740000.0,11.3
JetBlue,JetBlue Airways,Airbus A321,35,4,0,39,115000000.0,4022000.0000000005,1.6
JetBlue,JetBlue Airways,Embraer ERJ-190,60,0,4,64,46000000.0,2772000.0,8.2
Juneyao Airlines,Juneyao Airlines,Airbus A319,0,0,2,2,90000000.0,0.0,
Juneyao Airlines,Juneyao Airlines,Airbus A320,41,0,0,41,98000000.0,4018000.0,5.2
Juneyao Airlines,Juneyao Airlines,Airbus A321,18,2,0,20,115000000.0,2068000.0,1.4
Kenya Airways,Kenya Airways,Airbus A310,0,0,6,6,75000000.0,0.0,
Kenya Airways,Kenya Airways,Boeing 737,12,0,16,28,74000000.0,888000000.0,8.1
Kenya Airways,Jambojet Limited,Boeing 737,2,0,1,3,74000000.0,148000000.0,19.7
Kenya Airways,Kenya Airways,Boeing 757,0,0,1,1,73000000.0,0.0,
Kenya Airways,Kenya Airways,Boeing 767,0,0,12,12,187000000.0,0.0,
Kenya Airways,Kenya Airways,Boeing 777,0,0,7,7,295000000.0,0.0,
Kenya Airways,Kenya Airways,Boeing 787 Dreamliner,7,0,2,9,265000000.0,1856000.0,2.4
Kenya Airways,Jambojet Limited,De Havilland Canada DHC-8 Dash 8,1,0,0,1,31000000.0,31000000.0,14.8
Kenya Airways,Kenya Airways,Embraer ERJ-170,0,0,5,5,39000000.0,0.0,
Kenya Airways,Kenya Airways,Embraer ERJ-190,15,0,0,15,46000000.0,693000000.0,4.4
Kenya Airways,Kenya Airways,Fokker F50 / F60,0,0,3,3,18000000.0,0.0,
Kenya Airways,Kenya Airways,McDonnell Douglas DC-8,0,0,2,2,6000000.0,0.0,
Kenya Airways,Kenya Airways,McDonnell Douglas DC-9,0,0,2,2,45000000.0,0.0,
Korean Air,Korean Air,Airbus A300,0,0,40,40,75000000.0,0.0,
Korean Air,Korean Air,Airbus A321neo,0,0,0,0,126000000.0,0.0,
Korean Air,Korean Air,Airbus A330,29,0,1,30,240000000.0,6960000.0,12.0
Korean Air,Korean Air,Airbus A380,10,0,0,10,433000000.0,4326000.0,4.7
Korean Air,Korean Air,Boeing 727,0,0,1,1,4000000.0,0.0,
Korean Air,Korean Air,Boeing 737,40,0,11,51,74000000.0,2959000.0,9.6
Korean Air,Jin Air,Boeing 737,18,0,0,18,74000000.0,1332000.0,11.2
Korean Air,Korean Air,Boeing 747,34,4,50,88,316000000.0,10737000.0,10.8
Korean Air,Korean Air,Boeing 777,48,1,4,53,295000000.0,14138000.0,7.5
Korean Air,Jin Air,Boeing 777,4,0,0,4,295000000.0,1178000.0,10.7
Korean Air,Korean Air,Boeing 787 Dreamliner,0,3,0,3,265000000.0,0.0,
Korean Air,Korean Air,Bombardier BD-500 CSeries,0,1,0,1,82000000.0,0.0,
Korean Air,Korean Air,Bombardier CS300,0,0,0,0,72000000.0,0.0,
Korean Air,Korean Air,Eurocopter EC135,5,0,0,5,,0.0,5.9
Korean Air,Korean Air,Fokker F70 / F100,0,0,12,12,20000000.0,0.0,
Korean Air,Korean Air,McDonnell Douglas DC-10,0,0,6,6,145000000.0,0.0,
Korean Air,Korean Air,McDonnell Douglas DC-8,0,0,6,6,6000000.0,0.0,
Korean Air,Korean Air,McDonnell Douglas DC-9,0,0,2,2,45000000.0,0.0,
Korean Air,Korean Air,McDonnell Douglas MD-11,0,0,5,5,175000000.0,0.0,
Korean Air,Korean Air,McDonnell Douglas MD-80,0,0,16,16,45000000.0,0.0,
Lion Air,Malindo Air,Airbus A330,0,0,0,0,240000000.0,0.0,
Lion Air,Malindo Air,ATR 42/72,16,0,0,16,22000000.0,354000000.0,2.1
Lion Air,Wings Air,ATR 42/72,51,3,0,54,22000000.0,1127000.0,3.6
Lion Air,Thai Lion Air,ATR 42/72,0,0,1,1,22000000.0,0.0,
Lion Air,Malindo Air,Boeing 737,25,1,1,27,74000000.0,1850000.0,2.0
Lion Air,Thai Lion Air,Boeing 737,24,0,0,24,74000000.0,1776000.0,1.6
Lion Air,Wings Air,De Havilland Canada DHC-8 Dash 8,0,0,3,3,7000000.0,0.0,
Lion Air,Wings Air,McDonnell Douglas MD-80,0,0,16,16,45000000.0,0.0,
LOT Polish Airlines,LOT Polish Airlines,ATR 42/72,0,0,8,8,22000000.0,0.0,
LOT Polish Airlines,LOT Polish Airlines,Boeing 737,3,0,23,26,74000000.0,222000000.0,19.9
LOT Polish Airlines,LOT Polish Airlines,Boeing 767,0,0,10,10,187000000.0,0.0,
LOT Polish Airlines,LOT Polish Airlines,Boeing 787 Dreamliner,6,1,0,7,265000000.0,1591000.0,3.6
LOT Polish Airlines,LOT Polish Airlines,De Havilland Canada DHC-8 Dash 8,10,0,0,10,31000000.0,313000000.0,4.3
LOT Polish Airlines,LOT Polish Airlines,Embraer ERJ-145,0,0,14,14,20000000.0,0.0,
LOT Polish Airlines,LOT Polish Airlines,Embraer ERJ-170,18,0,6,24,39000000.0,697000000.0,9.8
LOT Polish Airlines,LOT Polish Airlines,Embraer ERJ-190,6,0,0,6,46000000.0,277000000.0,5.0
LOT Polish Airlines,LOT Polish Airlines,McDonnell Douglas DC-10,0,0,3,3,145000000.0,0.0,
LOT Polish Airlines,LOT Polish Airlines,McDonnell Douglas DC-8,0,0,1,1,6000000.0,0.0,
LOT Polish Airlines,LOT Polish Airlines,Tupolev Tu-154,0,0,1,1,16000000.0,0.0,
Lufthansa,Lufthansa,Airbus A300,0,0,26,26,75000000.0,0.0,
Lufthansa,Lufthansa,Airbus A310,0,0,25,25,75000000.0,0.0,
Lufthansa,Austrian Airlines,Airbus A310,0,0,4,4,75000000.0,0.0,
Lufthansa,Lufthansa,Airbus A319,30,0,5,35,90000000.0,2688000.0,14.9
Lufthansa,Austrian Airlines,Airbus A319,7,0,0,7,90000000.0,627000000.0,12.0
Lufthansa,Brussels Airlines,Airbus A319,21,1,1,23,90000000.0,1882000.0,12.6
Lufthansa,Germanwings,Airbus A319,43,0,7,50,90000000.0,3853000.0,10.8
Lufthansa,Swiss International Airlines,Airbus A319,5,0,3,8,90000000.0,448000000.0,20.0
Lufthansa,Brussels Airlines,Airbus A319,21,1,1,23,90000000.0,1882000.0,12.6
Lufthansa,Eurowings,Airbus A319,0,0,5,5,90000000.0,0.0,
Lufthansa,Lufthansa,Airbus A320,66,1,26,93,98000000.0,6468000.0,9.3
Lufthansa,Austrian Airlines,Airbus A320,18,0,0,18,98000000.0,1764000.0,14.8
Lufthansa,Brussels Airlines,Airbus A320,9,0,0,9,98000000.0,882000000.0,13.1
Lufthansa,Eurowings,Airbus A320,21,4,4,29,98000000.0,2057999.9999999998,1.3
Lufthansa,Eurowings Europe,Airbus A320,3,0,0,3,98000000.0,294000000.0,0.7
Lufthansa,Germanwings,Airbus A320,16,0,10,26,98000000.0,1568000.0,25.4
Lufthansa,Swiss International Airlines,Airbus A320,22,0,4,26,98000000.0,2156000.0,16.6
Lufthansa,Edelweiss Air,Airbus A320,6,0,0,6,98000000.0,588000000.0,15.7
Lufthansa,Brussels Airlines,Airbus A320,9,0,0,9,98000000.0,882000000.0,13.1
Lufthansa,Lufthansa,Airbus A321,64,0,0,64,115000000.0,7354000.0,12.0
Lufthansa,Austrian Airlines,Airbus A321,6,0,0,6,115000000.0,689000000.0,19.1
Lufthansa,Swiss International Airlines,Airbus A321,9,0,4,13,115000000.0,1034000.0,14.5
Lufthansa,Austrian Airlines,Airbus A330,0,0,4,4,115000000.0,0.0,
Lufthansa,Lufthansa,Airbus A330,19,0,5,24,240000000.0,4560000.0,9.6
Lufthansa,Brussels Airlines,Airbus A330,9,1,0,10,240000000.0,2160000.0,19.3
Lufthansa,Eurowings,Airbus A330,6,1,0,7,240000000.0,1440000.0,12.7
Lufthansa,Swiss International Airlines,Airbus A330,14,0,15,29,240000000.0,3360000.0,6.2
Lufthansa,Edelweiss Air,Airbus A330,2,0,2,4,240000000.0,480000000.0,3.4
Lufthansa,Brussels Airlines,Airbus A330,9,1,0,10,240000000.0,2160000.0,19.3
Lufthansa,Austrian Airlines,Airbus A340,0,0,4,4,216000000.0,0.0,
Lufthansa,Lufthansa,Airbus A340,42,0,20,62,216000000.0,9053000.0,13.5
Lufthansa,Swiss International Airlines,Airbus A340,10,0,5,15,216000000.0,2156000.0,14.5
Lufthansa,Edelweiss Air,Airbus A340,1,2,0,3,216000000.0,216000000.0,13.1
Lufthansa,Lufthansa CityLine,Airbus A340,5,0,0,0,216000000.0,1078000.0,
Lufthansa,Lufthansa,Airbus A350 XWB,0,6,0,6,312000000.0,0.0,
Lufthansa,Lufthansa,Airbus A380,14,0,0,14,433000000.0,6056000.0,5.2
Lufthansa,Lufthansa CityLine,ATR 42/72,0,0,7,7,22000000.0,0.0,
Lufthansa,Eurowings,ATR 42/72,0,0,45,45,22000000.0,0.0,
Lufthansa,Air Dolomiti,ATR 42/72,0,0,29,29,22000000.0,0.0,
Lufthansa,Swiss Global Airlines,Avro RJ100,10,0,0,0,30000000.0,295000000.0,
Lufthansa,Germanwings,Boeing 717,0,0,2,2,37000000.0,0.0,
Lufthansa,Lufthansa,Boeing 727,0,0,1,1,4000000.0,0.0,
Lufthansa,Lufthansa,Boeing 737,0,0,155,155,74000000.0,0.0,
Lufthansa,Lufthansa Cargo,Boeing 737,0,0,4,4,74000000.0,0.0,
Lufthansa,Austrian Airlines,Boeing 737,0,0,13,13,74000000.0,0.0,
Lufthansa,Brussels Airlines,Boeing 737,0,0,11,11,74000000.0,0.0,
Lufthansa,Eurowings,Boeing 737,2,0,1,3,74000000.0,148000000.0,15.7
Lufthansa,Brussels Airlines,Boeing 737,0,0,11,11,74000000.0,0.0,
Lufthansa,Lufthansa Cargo,Boeing 747,0,0,10,10,316000000.0,0.0,
Lufthansa,Lufthansa,Boeing 747,32,0,48,80,316000000.0,10106000.0,9.1
Lufthansa,Lufthansa,Boeing 767,0,0,3,3,187000000.0,0.0,
Lufthansa,Austrian Airlines,Boeing 767,6,0,0,6,187000000.0,1121000.0,20.9
Lufthansa,Lufthansa,Boeing 777,0,0,0,0,295000000.0,0.0,
Lufthansa,Lufthansa Cargo,Boeing 777,5,0,0,5,295000000.0,1473000.0,2.7
Lufthansa,Austrian Airlines,Boeing 777,5,0,0,5,295000000.0,1473000.0,16.2
Lufthansa,Swiss International Airlines,Boeing 777,6,1,0,7,295000000.0,1767000.0,0.7
Lufthansa,Swiss Global Airlines,Boeing 777-300,6,0,0,0,320000000.0,1921000.0,
Lufthansa,Swiss International Airlines,Bombardier BD-500 CSeries,4,2,0,6,82000000.0,328000000.0,0.3
Lufthansa,Swiss Global Airlines,Bombardier CS100,4,0,0,0,72000000.0,287000000.0,
Lufthansa,Swiss Global Airlines,Bombardier CS300,0,0,0,0,72000000.0,0.0,
Lufthansa,Lufthansa CityLine,British Aerospace BAe 146/Avro RJ,0,0,23,23,14000000.0,0.0,
Lufthansa,Eurowings,British Aerospace BAe 146/Avro RJ,0,0,18,18,14000000.0,0.0,
Lufthansa,Air Dolomiti,British Aerospace BAe 146/Avro RJ,0,0,6,6,14000000.0,0.0,
Lufthansa,Brussels Airlines,British Aerospace BAe 146/Avro RJ,8,0,25,33,14000000.0,109000000.0,18.3
Lufthansa,Swiss International Airlines,British Aerospace BAe 146/Avro RJ,9,0,16,25,14000000.0,122000000.0,18.2
Lufthansa,Brussels Airlines,British Aerospace BAe 146/Avro RJ,8,0,25,33,14000000.0,109000000.0,18.3
Lufthansa,Lufthansa CityLine,Canadair CRJ-100 Series,0,0,48,48,32000000.0,0.0,
Lufthansa,Eurowings,Canadair CRJ-100 Series,0,0,23,23,32000000.0,0.0,
Lufthansa,Air Dolomiti,Canadair CRJ-100 Series,0,0,5,5,32000000.0,0.0,
Lufthansa,Lufthansa CityLine,Canadair CRJ-700,0,0,20,20,41000000.0,0.0,
Lufthansa,Eurowings,Canadair CRJ-700,0,0,2,2,41000000.0,0.0,
Lufthansa,Lufthansa CityLine,Canadair CRJ-900,27,0,0,27,46000000.0,1242000.0,8.6
Lufthansa,Eurowings,Canadair CRJ-900,8,0,15,23,46000000.0,368000000.0,5.8
Lufthansa,Lufthansa CityLine,De Havilland Canada DHC-8 Dash 8,0,0,4,4,7000000.0,0.0,
Lufthansa,Air Dolomiti,De Havilland Canada DHC-8 Dash 8,0,0,3,3,7000000.0,0.0,
Lufthansa,Austrian Airlines,De Havilland Canada DHC-8 Dash 8,18,0,1,19,31000000.0,563000000.0,13.1
Lufthansa,Brussels Airlines,De Havilland Canada DHC-8 Dash 8,2,0,3,5,31000000.0,63000000.0,8.3
Lufthansa,Brussels Airlines,De Havilland Canada DHC-8 Dash 8,2,0,3,5,31000000.0,63000000.0,8.3
Lufthansa,Eurowings,Dornier Do-328,0,0,1,1,8000000.0,0.0,
Lufthansa,Swiss International Airlines,Embraer ERJ-145,0,0,25,25,20000000.0,0.0,
Lufthansa,Brussels Airlines,Embraer ERJ-145,1,0,0,1,20000000.0,20000000.0,15.5
Lufthansa,Brussels Airlines,Embraer ERJ-145,1,0,0,1,20000000.0,20000000.0,15.5
Lufthansa,Lufthansa CityLine,Embraer ERJ-190,23,0,10,33,46000000.0,1063000.0,6.4
Lufthansa,Austrian Airlines,Embraer ERJ-190,10,7,0,17,46000000.0,462000000.0,5.5
Lufthansa,Air Dolomiti,Embraer ERJ-190,10,0,1,11,46000000.0,462000000.0,5.9
Lufthansa,Lufthansa CityLine,Fokker F50 / F60,0,0,35,35,18000000.0,0.0,
Lufthansa,Air Dolomiti,Fokker F70 / F100,0,0,2,2,20000000.0,0.0,
Lufthansa,Austrian Airlines,Fokker F70 / F100,11,0,19,30,20000000.0,220000000.0,23.2
Lufthansa,Lufthansa,McDonnell Douglas DC-10,0,0,12,12,145000000.0,0.0,
Lufthansa,Lufthansa Cargo,McDonnell Douglas DC-10,0,0,1,1,145000000.0,0.0,
Lufthansa,Lufthansa,McDonnell Douglas DC-8,0,0,1,1,6000000.0,0.0,
Lufthansa,Lufthansa Cargo,McDonnell Douglas DC-8,0,0,5,5,6000000.0,0.0,
Lufthansa,Austrian Airlines,McDonnell Douglas DC-9,0,0,15,15,45000000.0,0.0,
Lufthansa,Swiss International Airlines,McDonnell Douglas MD-11,0,0,16,16,175000000.0,0.0,
Lufthansa,Lufthansa Cargo,McDonnell Douglas MD-11,12,0,7,19,175000000.0,2100000.0,17.6
Lufthansa,Austrian Airlines,McDonnell Douglas MD-80,0,0,29,29,45000000.0,0.0,
Lufthansa,Germanwings,McDonnell Douglas MD-80,0,0,4,4,45000000.0,0.0,
Lufthansa,Swiss International Airlines,McDonnell Douglas MD-80,0,0,11,11,45000000.0,0.0,
Lufthansa,Edelweiss Air,McDonnell Douglas MD-80,0,0,3,3,45000000.0,0.0,
Lufthansa,Swiss International Airlines,Saab 2000,0,0,31,31,12000000.0,0.0,
Malaysia Airlines,Malaysia Airlines,Airbus A300,0,0,6,6,75000000.0,0.0,
Malaysia Airlines,Malaysia Airlines,Airbus A330,18,0,19,37,240000000.0,4320000.0,4.6
Malaysia Airlines,Malaysia Airlines,Airbus A350 XWB,0,1,0,1,312000000.0,0.0,
Malaysia Airlines,Malaysia Airlines,Airbus A380,6,0,0,6,433000000.0,2596000.0,4.6
Malaysia Airlines,Firefly,ATR 42/72,21,0,0,21,22000000.0,464000000.0,5.0
Malaysia Airlines,MASwings,ATR 42/72,13,0,1,14,22000000.0,287000000.0,6.3
Malaysia Airlines,Malaysia Airlines,Boeing 737,56,0,111,167,74000000.0,4143000.0,4.7
Malaysia Airlines,Firefly,Boeing 737,0,0,8,8,74000000.0,0.0,
Malaysia Airlines,Malaysia Airlines,Boeing 747,2,0,42,44,316000000.0,632000000.0,10.7
Malaysia Airlines,Malaysia Airlines,Boeing 777,0,0,17,17,295000000.0,0.0,
Malaysia Airlines,Malaysia Airlines,Fokker F50 / F60,0,0,12,12,18000000.0,0.0,
Malaysia Airlines,Firefly,Fokker F50 / F60,0,0,3,3,18000000.0,0.0,
Malaysia Airlines,MASwings,Fokker F50 / F60,0,0,8,8,18000000.0,0.0,
Malaysia Airlines,Malaysia Airlines,McDonnell Douglas DC-10,0,0,21,21,145000000.0,0.0,
Malaysia Airlines,Malaysia Airlines,McDonnell Douglas MD-11,0,0,6,6,175000000.0,0.0,
Meridiana,Air Italy,Airbus A319,0,0,4,4,,,
Meridiana,Air Italy,Airbus A320,0,0,7,7,,,
Meridiana,Air Italy,Airbus A330,0,0,1,1,,,
Meridiana,Air Italy,Boeing 737,7,0,6,13,,,16.6
Meridiana,Air Italy,Boeing 767,4,0,0,4,,,22.6
Meridiana,Air Italy,British Aerospace BAe 146/Avro RJ,0,0,11,11,,,
Meridiana,Air Italy,McDonnell Douglas DC-9,0,0,6,6,,,
Meridiana,Air Italy,McDonnell Douglas MD-80,7,0,14,21,,,27.1
Mesa Airlines,Mesa Airlines,Canadair CRJ-100 Series,1,0,58,59,32000000.0,32000000.0,22.9
Mesa Airlines,Mesa Airlines,Canadair CRJ-700,20,0,0,20,41000000.0,820000000.0,12.9
Mesa Airlines,Mesa Airlines,Canadair CRJ-900,64,0,0,64,46000000.0,2944000.0,10.3
Mesa Airlines,Mesa Airlines,De Havilland Canada DHC-8 Dash 8,0,0,17,17,7000000.0,0.0,
Mesa Airlines,Mesa Airlines,Embraer EMB-120 Brasilia,0,0,6,6,11000000.0,0.0,
Mesa Airlines,Mesa Airlines,Embraer ERJ-145,0,0,36,36,20000000.0,0.0,
Mesa Airlines,Mesa Airlines,Embraer ERJ-170,48,0,0,48,39000000.0,1858000.0,1.5
Monarch Airlines,Monarch Airlines,Airbus A300,0,0,4,4,75000000.0,0.0,
Monarch Airlines,Monarch Airlines,Airbus A320,9,0,12,21,98000000.0,882000000.0,12.3
Monarch Airlines,Monarch Airlines,Airbus A321,25,0,4,29,115000000.0,2873000.0,11.8
Monarch Airlines,Monarch Airlines,Airbus A330,0,0,2,2,240000000.0,0.0,
Monarch Airlines,Monarch Airlines,Boeing 737,0,0,19,19,74000000.0,0.0,
Monarch Airlines,Monarch Airlines,Boeing 757,0,0,10,10,73000000.0,0.0,
Monarch Airlines,Monarch Airlines,Boeing 767,0,0,1,1,187000000.0,0.0,
Monarch Airlines,Monarch Airlines,McDonnell Douglas DC-10,0,0,1,1,145000000.0,0.0,
Monarch Airlines,Monarch Airlines,McDonnell Douglas MD-11,0,0,2,2,175000000.0,0.0,
Oman Air,Oman Air,Airbus A300,0,0,1,1,75000000.0,0.0,
Oman Air,Oman Air,Airbus A310,0,0,6,6,75000000.0,0.0,
Oman Air,Oman Air,Airbus A320,0,0,5,5,98000000.0,0.0,
Oman Air,Oman Air,Airbus A330,10,0,2,12,240000000.0,2400000.0,5.4
Oman Air,Oman Air,ATR 42/72,0,0,4,4,22000000.0,0.0,
Oman Air,Oman Air,Boeing 737,29,1,15,45,74000000.0,2145000.0,5.1
Oman Air,Oman Air,Boeing 757,0,0,1,1,73000000.0,0.0,
Oman Air,Oman Air,Boeing 767,0,0,1,1,187000000.0,0.0,
Oman Air,Oman Air,Boeing 787 Dreamliner,4,1,0,5,265000000.0,1060000.0,1.4
Oman Air,Oman Air,Embraer ERJ-170,4,0,0,4,39000000.0,155000000.0,5.0
Pakistan International Airlines,Pakistan International Airlines,Airbus A300,0,0,13,13,75000000.0,0.0,
Pakistan International Airlines,Pakistan International Airlines,Airbus A310,4,0,8,12,75000000.0,300000000.0,23.7
Pakistan International Airlines,Pakistan International Airlines,Airbus A320,11,2,1,14,98000000.0,1078000.0,10.9
Pakistan International Airlines,Pakistan International Airlines,Airbus A321,0,0,2,2,115000000.0,0.0,
Pakistan International Airlines,Pakistan International Airlines,Airbus A330,1,0,0,1,240000000.0,240000000.0,1.9
Pakistan International Airlines,Pakistan International Airlines,ATR 42/72,10,0,2,12,22000000.0,221000000.0,7.3
Pakistan International Airlines,Pakistan International Airlines,Boeing 737,0,0,7,7,74000000.0,0.0,
Pakistan International Airlines,Pakistan International Airlines,Boeing 747,0,0,15,15,316000000.0,0.0,
Pakistan International Airlines,Pakistan International Airlines,Boeing 777,11,0,0,11,295000000.0,3240000.0,11.2
Pakistan International Airlines,Pakistan International Airlines,Boeing 787,0,0,0,0,265000000.0,0.0,
Pakistan International Airlines,Pakistan International Airlines,McDonnell Douglas DC-10,0,0,5,5,145000000.0,0.0,
Pakistan International Airlines,Pakistan International Airlines,McDonnell Douglas DC-8,0,0,5,5,6000000.0,0.0,
Pegasus Airlines,Pegasus Airlines,Airbus A300,0,0,2,2,75000000.0,0.0,
Pegasus Airlines,Pegasus Airlines,Airbus A320,17,5,5,27,98000000.0,1666000.0,2.1
Pegasus Airlines,Pegasus Airlines,Airbus A321,0,0,0,0,115000000.0,0.0,
Pegasus Airlines,Pegasus Airlines,Boeing 737,58,0,40,98,74000000.0,4291000.0,6.4
Philippine Airlines,Philippine Airlines,Airbus A300,0,0,13,13,75000000.0,0.0,
Philippine Airlines,Philippine Airlines,Airbus A319,0,0,4,4,90000000.0,0.0,
Philippine Airlines,Philippine Airlines,Airbus A320,10,0,15,25,98000000.0,980000000.0,6.9
Philippine Airlines,PAL Express,Airbus A320,9,0,9,18,98000000.0,882000000.0,6.4
Philippine Airlines,Philippine Airlines,Airbus A321,24,0,0,24,115000000.0,2758000.0,2.0
Philippine Airlines,Philippine Airlines,Airbus A330,15,0,8,23,240000000.0,3600000.0,2.8
Philippine Airlines,Philippine Airlines,Airbus A340,6,0,12,18,216000000.0,1293000.0,16.0
Philippine Airlines,Philippine Airlines,Airbus A350,0,0,0,0,312000000.0,0.0,
Philippine Airlines,Philippine Airlines,Boeing 737,0,0,18,18,74000000.0,0.0,
Philippine Airlines,Philippine Airlines,Boeing 747,0,0,18,18,316000000.0,0.0,
Philippine Airlines,Philippine Airlines,Boeing 777,8,0,0,8,295000000.0,2356000.0,3.7
Philippine Airlines,PAL Express,De Havilland Canada DHC-8 Dash 8,9,0,0,9,31000000.0,282000000.0,13.0
Philippine Airlines,Philippine Airlines,Fokker F50 / F60,0,0,11,11,18000000.0,0.0,
Philippine Airlines,Philippine Airlines,McDonnell Douglas DC-10,0,0,6,6,145000000.0,0.0,
Philippine Airlines,Philippine Airlines,McDonnell Douglas DC-8,0,0,14,14,6000000.0,0.0,
Philippine Airlines,Philippine Airlines,McDonnell Douglas MD-11,0,0,4,4,175000000.0,0.0,
Philippine Airlines,PAL Express,Q400 NextGen,0,0,0,0,31000000.0,0.0,
Qantas Airways,Jetstar Airways,Airbus A320,53,0,13,66,98000000.0,5194000.0,7.2
Qantas Airways,Jetstar Airways,Airbus A321,8,0,0,8,115000000.0,919000000.0,7.9
Qantas Airways,Jetstar Airways,Airbus A330,0,0,11,11,240000000.0,0.0,
Qantas Airways,Jetstar Airways,Boeing 717,0,0,14,14,37000000.0,0.0,
Qantas Airways,Jetstar Airways,Boeing 787 Dreamliner,11,0,0,11,265000000.0,2916000.0,2.4
Qantas Airways,Jetstar Airways,De Havilland Canada DHC-8 Dash 8,5,0,0,5,31000000.0,157000000.0,12.8
Qatar Airways,Qatar Airways,Airbus A300,0,0,9,9,75000000.0,0.0,
Qatar Airways,Qatar Airways Cargo,Airbus A300,0,0,3,3,75000000.0,0.0,
Qatar Airways,Qatar Airways,Airbus A310,0,0,2,2,75000000.0,0.0,
Qatar Airways,Qatar Executive,Airbus A319,2,0,0,0,90000000.0,179000000.0,
Qatar Airways,Qatar Airways,Airbus A319,2,0,1,3,90000000.0,179000000.0,13.4
Qatar Airways,Qatar Airways,Airbus A320,35,5,6,46,98000000.0,3430000.0,7.4
Qatar Airways,Al Maha Airways,Airbus A320,4,0,0,4,98000000.0,392000000.0,1.4
Qatar Airways,Qatar Airways,Airbus A321,8,3,4,15,115000000.0,919000000.0,9.6
Qatar Airways,Qatar Airways,Airbus A330,26,0,5,31,240000000.0,6240000.0,11.3
Qatar Airways,Qatar Airways Cargo,Airbus A330,8,0,0,8,240000000.0,1920000.0,2.5
Qatar Airways,Qatar Airways,Airbus A340,4,0,0,4,216000000.0,862000000.0,10.4
Qatar Airways,Qatar Airways,Airbus A350 XWB,12,12,0,24,312000000.0,3744000.0,1.2
Qatar Airways,Qatar Airways,Airbus A380,6,3,0,9,433000000.0,2596000.0,2.6
Qatar Airways,Qatar Airways,Boeing 737,0,0,1,1,74000000.0,0.0,
Qatar Airways,Qatar Airways,Boeing 747,0,0,3,3,316000000.0,0.0,
Qatar Airways,Qatar Airways,Boeing 757,0,0,1,1,73000000.0,0.0,
Qatar Airways,Qatar Airways,Boeing 767,0,0,2,2,187000000.0,0.0,
Qatar Airways,Qatar Airways,Boeing 777,43,0,0,43,295000000.0,12666000.0,5.2
Qatar Airways,Qatar Airways Cargo,Boeing 777,11,0,0,11,295000000.0,3240000.0,3.2
Qatar Airways,Qatar Airways,Boeing 787 Dreamliner,30,0,0,30,265000000.0,7953000.0,2.4
Qatar Airways,Qatar Executive,Bombardier Challenger 605,3,0,0,0,33000000.0,98000000.0,
Qatar Airways,Qatar Executive,Bombardier Global 5000,4,0,0,0,50000000.0,202000000.0,
Qatar Airways,Qatar Executive,Bombardier Global 7000/8000,0,0,0,0,50000000.0,0.0,
Qatar Airways,Qatar Executive,Bombardier Global XRS,1,0,0,0,56000000.0,56000000.0,
Qatar Airways,Qatar Executive,Gulfstream G650ER,1,0,0,0,,0.0,
Republic Airways,Republic Airlines,De Havilland Canada DHC-8 Dash 8,0,0,31,31,7000000.0,0.0,
Republic Airways,Republic Airlines,Embraer ERJ-170,118,0,45,163,39000000.0,4567000.0,6.0
Republic Airways,Republic Airlines,Embraer ERJ-190,0,0,17,17,46000000.0,0.0,
Royal Air Maroc,Royal Air Maroc,Airbus A320,1,0,0,1,98000000.0,98000000.0,14.8
Royal Air Maroc,Royal Air Maroc,Airbus A321,0,0,4,4,115000000.0,0.0,
Royal Air Maroc,Royal Air Maroc Express,ATR 42-600,0,0,0,2,20000000.0,0.0,
Royal Air Maroc,Royal Air Maroc,ATR 42/72,0,0,4,4,22000000.0,0.0,
Royal Air Maroc,Royal Air Maroc Express,ATR 72-600,5,0,5,10,25000000.0,124000000.0,4.5
Royal Air Maroc,Royal Air Maroc,Boeing 737,37,0,27,64,74000000.0,2737000.0,10.9
Royal Air Maroc,Royal Air Maroc,Boeing 747,1,0,3,4,316000000.0,316000000.0,23.9
Royal Air Maroc,Royal Air Maroc,Boeing 757,0,0,2,2,73000000.0,0.0,
Royal Air Maroc,Royal Air Maroc,Boeing 767,4,0,2,6,187000000.0,748000000.0,16.0
Royal Air Maroc,Royal Air Maroc,Boeing 787 Dreamliner,5,0,0,5,265000000.0,1326000.0,0.9
Royal Air Maroc,Royal Air Maroc,Embraer ERJ-190,4,0,2,6,46000000.0,185000000.0,2.1
Royal Jordanian,Royal Jordanian,Airbus A310,2,0,12,14,75000000.0,150000000.0,28.6
Royal Jordanian,Royal Jordanian,Airbus A319,4,0,0,4,90000000.0,358000000.0,8.1
Royal Jordanian,Royal Jordanian,Airbus A320,6,0,8,14,98000000.0,588000000.0,5.8
Royal Jordanian,Royal Wings,Airbus A320,1,0,0,1,98000000.0,98000000.0,21.0
Royal Jordanian,Royal Jordanian,Airbus A321,2,0,6,8,115000000.0,230000000.0,4.6
Royal Jordanian,Royal Jordanian,Airbus A330,2,1,1,4,240000000.0,480000000.0,7.8
Royal Jordanian,Royal Jordanian,Airbus A340,0,0,4,4,216000000.0,0.0,
Royal Jordanian,Royal Jordanian,Boeing 747,0,0,2,2,316000000.0,0.0,
Royal Jordanian,Royal Jordanian,Boeing 787 Dreamliner,6,1,0,7,265000000.0,1591000.0,1.9
Royal Jordanian,Royal Jordanian,De Havilland Canada DHC-8 Dash 8,0,0,2,2,31000000.0,0.0,
Royal Jordanian,Royal Wings,De Havilland Canada DHC-8 Dash 8,0,0,3,3,31000000.0,0.0,
Royal Jordanian,Royal Jordanian,Embraer ERJ-170,3,0,0,3,39000000.0,116000000.0,7.8
Royal Jordanian,Royal Jordanian,Embraer ERJ-190,2,0,3,5,46000000.0,92000000.0,9.2
Royal Jordanian,Royal Jordanian,Lockheed L-1011 TriStar,0,0,2,2,190000000.0,0.0,
Ryanair,RyanAir,ATR 42/72,0,0,4,4,22000000.0,0.0,
Ryanair,RyanAir,Boeing 737,366,10,100,476,74000000.0,27077000.0,6.6
S7 Airlines,S7 Airlines,Airbus A310,0,0,9,9,75000000.0,0.0,
S7 Airlines,S7 Airlines,Airbus A319,19,0,1,20,90000000.0,1702000.0,14.6
S7 Airlines,S7 Airlines,Airbus A320,19,0,0,19,98000000.0,1862000.0,6.1
S7 Airlines,S7 Airlines,Airbus A321,6,0,0,6,115000000.0,689000000.0,8.8
S7 Airlines,S7 Airlines,Boeing 737,19,0,14,33,74000000.0,1406000.0,7.4
S7 Airlines,S7 Airlines,Boeing 767,2,0,0,2,187000000.0,374000000.0,20.6
S7 Airlines,S7 Airlines,Embraer ERJ-170,0,0,0,0,39000000.0,0.0,
S7 Airlines,S7 Airlines,Tupolev Tu-204,0,0,2,2,16000000.0,0.0,
SAS Group,Air Greenland,Airbus A330,1,0,0,1,240000000.0,240000000.0,18.3
SAS Group,Air Greenland,Boeing 757,0,0,1,1,73000000.0,0.0,
SAS Group,WiderÃ¸e,De Havilland Canada DHC-6 Twin Otter,0,0,1,1,7000000.0,0.0,
SAS Group,WiderÃ¸e,De Havilland Canada DHC-8 Dash 8,41,0,17,58,31000000.0,1283000.0,18.7
SAS Group,Air Greenland,De Havilland Canada DHC-8 Dash 8,7,0,1,8,31000000.0,219000000.0,19.7
SAS Group,WiderÃ¸e,Fokker F50 / F60,0,0,4,4,18000000.0,0.0,
Saudi Arabian Airlines,Saudi Arabian Airlines,Airbus A300,0,0,36,36,75000000.0,0.0,
Saudi Arabian Airlines,Saudi Arabian Airlines,Airbus A310,0,0,1,1,75000000.0,0.0,
Saudi Arabian Airlines,Saudi Arabian Airlines,Airbus A319,5,0,0,5,90000000.0,448000000.0,12.2
Saudi Arabian Airlines,Saudi Arabian Airlines,Airbus A320,35,5,9,49,98000000.0,3430000.0,6.4
Saudi Arabian Airlines,Saudi Arabian Airlines,Airbus A321,15,0,12,27,115000000.0,1724000.0,4.9
Saudi Arabian Airlines,Saudi Arabian Airlines,Airbus A330,28,5,12,45,240000000.0,6720000.0,6.1
Saudi Arabian Airlines,Saudi Arabian Airlines,Airbus A340,0,0,4,4,216000000.0,0.0,
Saudi Arabian Airlines,Saudi Arabian Airlines,Boeing 737,0,0,26,26,74000000.0,0.0,
Saudi Arabian Airlines,Saudi Arabian Airlines,Boeing 747,21,0,107,128,316000000.0,6632000.0,16.8
Saudi Arabian Airlines,Saudi Arabian Airlines,Boeing 757,0,0,10,10,73000000.0,0.0,
Saudi Arabian Airlines,Saudi Arabian Airlines,Boeing 767,0,0,12,12,187000000.0,0.0,
Saudi Arabian Airlines,Saudi Arabian Airlines,Boeing 777,54,3,0,57,295000000.0,15906000.0,8.9
Saudi Arabian Airlines,Saudi Arabian Airlines,Boeing 787 Dreamliner,4,4,0,8,265000000.0,1060000.0,0.9
Saudi Arabian Airlines,Saudi Arabian Airlines,Embraer ERJ-170,15,0,0,15,39000000.0,581000000.0,10.5
Saudi Arabian Airlines,Saudi Arabian Airlines,McDonnell Douglas DC-10,0,0,1,1,145000000.0,0.0,
Saudi Arabian Airlines,Saudi Arabian Airlines,McDonnell Douglas DC-8,0,0,37,37,6000000.0,0.0,
Saudi Arabian Airlines,Saudi Arabian Airlines,McDonnell Douglas DC-9,0,0,3,3,45000000.0,0.0,
Saudi Arabian Airlines,Saudi Arabian Airlines,McDonnell Douglas MD-11,0,0,5,5,175000000.0,0.0,
Saudi Arabian Airlines,Saudi Arabian Airlines,McDonnell Douglas MD-90,0,0,29,29,45000000.0,0.0,
Singapore Airlines,Singapore Airlines,Airbus A300,0,0,8,8,75000000.0,0.0,
Singapore Airlines,Singapore Airlines,Airbus A310,0,0,23,23,75000000.0,0.0,
Singapore Airlines,SilkAir,Airbus A310,0,0,2,2,75000000.0,0.0,
Singapore Airlines,SilkAir,Airbus A319,3,0,5,8,90000000.0,269000000.0,8.3
Singapore Airlines,SilkAir,Airbus A320,11,0,8,19,98000000.0,1078000.0,6.7
Singapore Airlines,Singapore Airlines,Airbus A330,26,0,8,34,240000000.0,6240000.0,4.6
Singapore Airlines,Singapore Airlines,Airbus A340,0,0,22,22,216000000.0,0.0,
Singapore Airlines,Singapore Airlines,Airbus A350 XWB,8,6,0,14,312000000.0,2496000.0,0.4
Singapore Airlines,Singapore Airlines,Airbus A380,19,2,0,21,433000000.0,8218999.999999999,7.5
Singapore Airlines,Singapore Airlines,Boeing 737,0,0,5,5,74000000.0,0.0,
Singapore Airlines,Singapore Airlines Cargo,Boeing 737,0,0,1,1,74000000.0,0.0,
Singapore Airlines,SilkAir,Boeing 737,17,0,6,23,74000000.0,1258000.0,1.8
Singapore Airlines,Singapore Airlines,Boeing 747,0,0,80,80,316000000.0,0.0,
Singapore Airlines,Singapore Airlines Cargo,Boeing 747,9,0,11,20,316000000.0,2842000.0,14.4
Singapore Airlines,Singapore Airlines,Boeing 757,0,0,4,4,73000000.0,0.0,
Singapore Airlines,Singapore Airlines,Boeing 777,54,0,31,85,295000000.0,15906000.0,10.6
Singapore Airlines,Singapore Airlines,Boeing 787,0,0,0,0,265000000.0,0.0,
Singapore Airlines,SilkAir,Fokker F70 / F100,0,0,2,2,20000000.0,0.0,
Singapore Airlines,Singapore Airlines,McDonnell Douglas DC-10,0,0,8,8,145000000.0,0.0,
Skymark Airlines,Skymark Airlines,Airbus A330,0,0,5,5,240000000.0,0.0,
Skymark Airlines,Skymark Airlines,Boeing 737,26,0,7,33,74000000.0,1923000.0,5.7
Skymark Airlines,Skymark Airlines,Boeing 767,0,0,7,7,187000000.0,0.0,
South African Airways,South African Airways,Airbus A300,0,0,9,9,75000000.0,0.0,
South African Airways,South African Airways,Airbus A319,8,0,3,11,90000000.0,717000000.0,11.9
South African Airways,South African Airways,Airbus A320,12,0,7,19,98000000.0,1176000.0,3.0
South African Airways,South African Airways,Airbus A330,8,2,5,15,240000000.0,1920000.0,4.2
South African Airways,South African Airways,Airbus A340,17,0,6,23,216000000.0,3664000.0,13.4
South African Airways,South African Airways,Boeing 737,9,0,43,52,74000000.0,666000000.0,17.3
South African Airways,Mango,Boeing 737,10,0,3,13,74000000.0,740000000.0,16.2
South African Airways,South African Airways,Boeing 747,0,0,28,28,316000000.0,0.0,
South African Airways,South African Airways,Boeing 767,0,0,3,3,187000000.0,0.0,
South African Airways,South African Airways,McDonnell Douglas MD-80,0,0,2,2,45000000.0,0.0,
Southwest Airlines,Southwest Airlines,Boeing 737,718,38,195,952,74000000.0,53118000.0,11.7
Spirit Airlines,Spirit Airlines,Airbus A319,29,0,4,33,90000000.0,2598000.0,10.5
Spirit Airlines,Spirit Airlines,Airbus A320,49,1,0,50,98000000.0,4802000.0,3.1
Spirit Airlines,Spirit Airlines,Airbus A321,16,3,4,23,115000000.0,1838000.0,2.1
Spirit Airlines,Spirit Airlines,McDonnell Douglas DC-9,0,0,18,18,45000000.0,0.0,
Spirit Airlines,Spirit Airlines,McDonnell Douglas MD-80,0,0,37,37,45000000.0,0.0,
Spring Airlines,Spring Airlines,Airbus A320,65,4,8,77,98000000.0,6370000.0,3.7
SunExpress,SunExpress,Airbus A320,0,0,3,3,98000000.0,0.0,
SunExpress,SunExpress Deutschland,Airbus A330,6,0,0,0,240000000.0,1440000.0,
SunExpress,SunExpress,Boeing 737,51,0,37,88,74000000.0,3773000.0,8.5
SunExpress,SunExpress Deutschland,Boeing 737,16,0,4,20,74000000.0,1184000.0,13.6
SunExpress,SunExpress,Boeing 757,0,0,4,4,73000000.0,0.0,
TAP Portugal,TAP Portugal,Airbus A310,0,0,7,7,75000000.0,0.0,
TAP Portugal,TAP Portugal,Airbus A319,21,0,0,21,90000000.0,1882000.0,17.5
TAP Portugal,TAP Portugal,Airbus A320,19,0,6,25,98000000.0,1862000.0,12.8
TAP Portugal,TAP Portugal,Airbus A321,3,0,0,3,115000000.0,345000000.0,15.7
TAP Portugal,TAP Portugal,Airbus A330,16,0,0,16,240000000.0,3840000.0,14.4
TAP Portugal,TAP Portugal,Airbus A340,4,0,0,4,216000000.0,862000000.0,21.9
TAP Portugal,TAP Express,ATR 42/72,8,0,0,8,22000000.0,177000000.0,1.2
TAP Portugal,TAP Portugal,Boeing 727,0,0,1,1,4000000.0,0.0,
TAP Portugal,TAP Portugal,Boeing 737,0,0,25,25,74000000.0,0.0,
TAP Portugal,TAP Portugal,Boeing 747,0,0,4,4,316000000.0,0.0,
TAP Portugal,TAP Express,Embraer ERJ-190,9,0,0,9,46000000.0,416000000.0,5.2
TAP Portugal,TAP Portugal,Lockheed L-1011 TriStar,0,0,2,2,190000000.0,0.0,
Thai Airways,Nok Air,ATR 42/72,2,0,2,4,22000000.0,44000000.0,9.5
Thai Airways,Nok Air,Boeing 737,23,0,16,39,74000000.0,1702000.0,7.7
Thai Airways,Nok Air,De Havilland Canada DHC-8 Dash 8,8,0,0,8,31000000.0,250000000.0,1.6
Thomas Cook Airlines,Condor,Airbus A300,0,0,9,9,75000000.0,0.0,
Thomas Cook Airlines,Condor,Airbus A310,0,0,5,5,75000000.0,0.0,
Thomas Cook Airlines,Condor,Airbus A319,0,0,1,1,90000000.0,0.0,
Thomas Cook Airlines,Condor,Airbus A320,9,0,5,14,98000000.0,882000000.0,17.8
Thomas Cook Airlines,Condor,Airbus A321,7,0,1,8,115000000.0,804000000.0,4.0
Thomas Cook Airlines,Condor,Boeing 727,0,0,1,1,4000000.0,0.0,
Thomas Cook Airlines,Condor,Boeing 737,0,0,17,17,74000000.0,0.0,
Thomas Cook Airlines,Condor,Boeing 747,0,0,4,4,316000000.0,0.0,
Thomas Cook Airlines,Condor,Boeing 757,13,0,20,33,73000000.0,943000000.0,17.5
Thomas Cook Airlines,Condor,Boeing 767,16,0,5,21,187000000.0,2990000.0,21.3
Thomas Cook Airlines,Condor,McDonnell Douglas DC-10,0,0,5,5,145000000.0,0.0,
Thomas Cook Airlines,Condor,McDonnell Douglas DC-8,0,0,1,1,6000000.0,0.0,
Thomas Cook Airlines,Thomas Cook Airlines Belgium,Airbus A319,0,0,1,1,90000000.0,0.0,
Thomas Cook Airlines,Thomas Cook Airlines Belgium,Airbus A320,5,0,15,20,98000000.0,490000000.0,14.7
Thomas Cook Airlines,Thomas Cook Airlines,Airbus A320,0,0,30,30,98000000.0,0.0,
Thomas Cook Airlines,Thomas Cook Airlines Scandinavia,Airbus A320,0,0,2,2,98000000.0,0.0,
Thomas Cook Airlines,Thomas Cook Airlines,Airbus A321,21,0,2,23,115000000.0,2413000.0,6.9
Thomas Cook Airlines,Thomas Cook Airlines Scandinavia,Airbus A321,8,0,4,12,115000000.0,919000000.0,5.0
Thomas Cook Airlines,Thomas Cook Airlines,Airbus A330,7,1,4,12,240000000.0,1680000.0,12.5
Thomas Cook Airlines,Thomas Cook Airlines Scandinavia,Airbus A330,4,0,0,4,240000000.0,960000000.0,16.6
Thomas Cook Airlines,Thomas Cook Airlines,Boeing 757,2,3,21,26,73000000.0,145000000.0,15.7
Thomas Cook Airlines,Thomas Cook Airlines Belgium,Boeing 757,0,0,1,1,73000000.0,0.0,
Thomas Cook Airlines,Thomas Cook Airlines,Boeing 767,3,0,0,3,187000000.0,561000000.0,21.8
Trans States Airlines,Trans States Airlines,ATR 42/72,0,0,12,12,22000000.0,0.0,
Trans States Airlines,Trans States Airlines,British Aerospace Jetstream 41,0,0,11,11,7000000.0,0.0,
Trans States Airlines,Compass Airlines,Canadair CRJ-100 Series,0,0,1,1,32000000.0,0.0,
Trans States Airlines,GoJet Airlines,Canadair CRJ-700,46,0,1,47,41000000.0,1886000.0,11.4
Trans States Airlines,GoJet Airlines,Canadair CRJ-900,7,0,0,7,46000000.0,322000000.0,8.5
Trans States Airlines,Trans States Airlines,Embraer EMB-120 Brasilia,0,0,1,1,11000000.0,0.0,
Trans States Airlines,Trans States Airlines,Embraer ERJ-145,55,0,43,98,20000000.0,1078000.0,15.2
Trans States Airlines,Compass Airlines,Embraer ERJ-170,62,0,0,62,39000000.0,2399000.0,6.4
Trans States Airlines,Trans States Airlines,Mitsubishi MRJ90,0,0,0,0,47000000.0,0.0,
TUI Group,TUIfly,Boeing 737,30,0,53,83,74000000.0,2219000.0,8.2
TUI Group,TUIfly Nordic,Boeing 737,6,0,2,8,74000000.0,444000000.0,7.2
TUI Group,TUIfly Nordic,Boeing 757,0,0,4,4,73000000.0,0.0,
TUI Group,TUIfly,Boeing 767,1,0,2,3,187000000.0,187000000.0,18.6
TUI Group,TUIfly Nordic,Boeing 767,1,0,1,2,187000000.0,187000000.0,17.8
Tunisair,Tunisair,Airbus A300,0,0,7,7,75000000.0,0.0,
Tunisair,Tunisair,Airbus A310,0,0,2,2,75000000.0,0.0,
Tunisair,Tunisair,Airbus A319,4,0,0,4,90000000.0,358000000.0,15.5
Tunisair,Tunisair,Airbus A320,17,0,3,20,98000000.0,1666000.0,15.7
Tunisair,Tunisair,Airbus A330,2,0,0,2,240000000.0,480000000.0,1.7
Tunisair,Tunisair Express,ATR 42/72,3,0,1,4,22000000.0,66000000.0,14.2
Tunisair,Tunisair,Boeing 727,0,0,1,1,4000000.0,0.0,
Tunisair,Tunisair,Boeing 737,7,0,25,32,74000000.0,518000000.0,16.9
Tunisair,Tunisair,Boeing 747,0,0,1,1,316000000.0,0.0,
Tunisair,Tunisair Express,Canadair CRJ-900,1,0,0,1,46000000.0,46000000.0,10.2
Tunisair,Tunisair,McDonnell Douglas DC-10,0,0,2,2,145000000.0,0.0,
Tunisair,Tunisair,McDonnell Douglas DC-8,0,0,2,2,6000000.0,0.0,
Tunisair,Tunisair,McDonnell Douglas MD-90,0,0,1,1,45000000.0,0.0,
Turkish Airlines,Turkish Airlines,Airbus A300,0,0,2,2,75000000.0,0.0,
Turkish Airlines,Turkish Airlines,Airbus A310,0,0,19,19,75000000.0,0.0,
Turkish Airlines,Turkish Airlines,Airbus A319,14,0,0,14,90000000.0,1254000.0,8.7
Turkish Airlines,Turkish Airlines,Airbus A320,29,0,17,46,98000000.0,2842000.0,9.7
Turkish Airlines,Anadolujet (100%),Airbus A320,0,0,10,10,98000000.0,0.0,
Turkish Airlines,Turkish Airlines,Airbus A321,66,2,7,75,115000000.0,7583000.0,4.6
Turkish Airlines,Turkish Airlines,Airbus A330,58,8,6,72,240000000.0,13920000.0,5.3
Turkish Airlines,Turkish Airlines,Airbus A340,4,0,5,9,216000000.0,862000000.0,18.6
Turkish Airlines,Anadolujet (100%),ATR 42/72,0,0,2,2,22000000.0,0.0,
Turkish Airlines,Turkish Airlines,Boeing 737,92,0,50,142,74000000.0,6806000.0,6.4
Turkish Airlines,Anadolujet (100%),Boeing 737,34,0,36,70,74000000.0,2515000.0,13.0
Turkish Airlines,Turkish Airlines,Boeing 777,32,1,6,39,295000000.0,9426000.0,3.2
Turkish Airlines,Turkish Airlines,British Aerospace BAe 146/Avro RJ,0,0,14,14,14000000.0,0.0,
Turkish Airlines,Anadolujet (100%),Embraer ERJ-190,0,0,6,6,46000000.0,0.0,
Turkish Airlines,Turkish Airlines,McDonnell Douglas DC-10,0,0,4,4,145000000.0,0.0,
Turkish Airlines,Turkish Airlines,McDonnell Douglas DC-9,0,0,11,11,45000000.0,0.0,
Turkish Airlines,Turkish Airlines,McDonnell Douglas MD-80,0,0,3,3,45000000.0,0.0,
Turkish Airlines,Turkish Airlines,McDonnell Douglas MD-90,0,0,2,2,45000000.0,0.0,
United Airlines,United Airlines,Airbus A319,59,20,0,80,90000000.0,5286000.0,16.5
United Airlines,United Airlines,Airbus A320,97,0,1,98,98000000.0,9506000.0,18.6
United Airlines,United Airlines,Airbus A350,0,0,0,35,312000000.0,0.0,
United Airlines,United Airlines,Boeing 727,0,0,3,3,4000000.0,0.0,
United Airlines,United Airlines,Boeing 737,321,2,295,620,74000000.0,23748000.0,10.1
United Airlines,United Airlines,Boeing 747,21,0,67,88,316000000.0,6632000.0,21.2
United Airlines,United Airlines,Boeing 757,77,0,83,160,73000000.0,5583000.0,18.9
United Airlines,United Airlines,Boeing 767,51,0,31,82,187000000.0,9532000.0,19.5
United Airlines,United Airlines,Boeing 777,74,14,8,96,295000000.0,21797000.0,17.5
United Airlines,United Airlines,Boeing 787 Dreamliner,30,2,0,32,265000000.0,7953000.0,2.2
United Airlines,United Airlines,Embraer E175,0,0,0,0,39000000.0,0.0,
United Airlines,United Airlines,McDonnell Douglas DC-10,0,0,59,59,145000000.0,0.0,
United Airlines,United Airlines,McDonnell Douglas DC-8,0,0,117,117,6000000.0,0.0,
Vietnam Airlines,Vietnam Airlines,Airbus A300,0,0,2,2,75000000.0,0.0,
Vietnam Airlines,Vietnam Airlines,Airbus A310,0,0,2,2,75000000.0,0.0,
Vietnam Airlines,Cambodia Angkor Air,Airbus A320,1,1,0,2,98000000.0,98000000.0,0.1
Vietnam Airlines,Jetstar Pacific Airlines,Airbus A320,13,1,4,18,98000000.0,1274000.0,7.0
Vietnam Airlines,Vietnam Airlines,Airbus A320,0,0,19,19,98000000.0,0.0,
Vietnam Airlines,Vietnam Airlines,Airbus A321,56,0,5,61,115000000.0,6434000.0,5.8
Vietnam Airlines,Cambodia Angkor Air,Airbus A321,2,0,4,6,115000000.0,230000000.0,7.9
Vietnam Airlines,Jetstar Pacific Airlines,Airbus A321,0,0,2,2,115000000.0,0.0,
Vietnam Airlines,Vietnam Airlines,Airbus A330,8,0,5,13,240000000.0,1920000.0,9.6
Vietnam Airlines,Vietnam Airlines,Airbus A350 XWB,5,2,0,7,312000000.0,1560000.0,1.1
Vietnam Airlines,Cambodia Angkor Air,ATR 42/72,3,0,2,5,22000000.0,66000000.0,7.0
Vietnam Airlines,Vietnam Air Service Company,ATR 42/72,4,0,1,5,22000000.0,88000000.0,11.0
Vietnam Airlines,Vietnam Airlines,ATR 42/72,0,0,24,24,22000000.0,0.0,
Vietnam Airlines,Vietnam Airlines,Boeing 737,0,0,5,5,74000000.0,0.0,
Vietnam Airlines,Jetstar Pacific Airlines,Boeing 737,0,0,5,5,74000000.0,0.0,
Vietnam Airlines,Vietnam Airlines,Boeing 767,0,0,17,17,187000000.0,0.0,
Vietnam Airlines,Vietnam Airlines,Boeing 777,4,0,6,10,295000000.0,1178000.0,12.8
Vietnam Airlines,Vietnam Airlines,Boeing 787 Dreamliner,10,1,0,11,265000000.0,2651000.0,0.9
Vietnam Airlines,Vietnam Airlines,Fokker F70 / F100,0,0,2,2,20000000.0,0.0,
Virgin America,Virgin America,Airbus A319,10,0,0,10,90000000.0,896000000.0,9.2
Virgin America,Virgin America,Airbus A320,53,0,0,53,98000000.0,5194000.0,6.3
Virgin America,Virgin America,Airbus A321,0,0,0,0,115000000.0,0.0,
Virgin Atlantic Airways,Virgin Atlantic Airways,Airbus A320,0,0,6,6,98000000.0,0.0,
Virgin Atlantic Airways,Virgin Atlantic Airways,Airbus A321,0,0,1,1,115000000.0,0.0,
Virgin Atlantic Airways,Virgin Atlantic Airways,Airbus A330,10,0,0,10,240000000.0,2400000.0,5.1
Virgin Atlantic Airways,Virgin Atlantic Airways,Airbus A340,8,0,21,29,216000000.0,1724000.0,10.5
Virgin Atlantic Airways,Virgin Atlantic Airways,Boeing 747,8,0,22,30,316000000.0,2526000.0,17.1
Virgin Atlantic Airways,Virgin Atlantic Airways,Boeing 767,0,0,1,1,187000000.0,0.0,
Virgin Atlantic Airways,Virgin Atlantic Airways,Boeing 787 Dreamliner,13,4,0,17,265000000.0,3446000.0,1.3
Virgin Australia,Virgin Australia Regional,Airbus A320,2,0,0,2,98000000.0,196000000.0,18.8
Virgin Australia,Tigerair Australia,Airbus A320,14,0,0,14,98000000.0,1372000.0,7.2
Virgin Australia,Virgin Australia,Airbus A330,6,0,2,8,240000000.0,1440000.0,3.9
Virgin Australia,Virgin Australia,ATR 42/72,14,0,0,14,22000000.0,309000000.0,4.4
Virgin Australia,Virgin Australia Regional,ATR 42/72,0,0,14,14,22000000.0,0.0,
Virgin Australia,Virgin Australia,Boeing 737,75,0,26,101,74000000.0,5549000.0,6.7
Virgin Australia,Virgin Samoa,Boeing 737,1,0,1,2,74000000.0,74000000.0,5.1
Virgin Australia,Tigerair Australia,Boeing 737,3,1,0,4,74000000.0,222000000.0,12.5
Virgin Australia,Virgin Australia,Boeing 777,5,0,0,5,295000000.0,1473000.0,7.4
Virgin Australia,Virgin Australia,Embraer ERJ-170,0,0,4,4,39000000.0,0.0,
Virgin Australia,Virgin Australia,Embraer ERJ-190,13,0,5,18,46000000.0,601000000.0,7.6
Virgin Australia,Virgin Australia Regional,Fokker F50 / F60,0,0,8,8,18000000.0,0.0,
Virgin Australia,Virgin Australia Regional,Fokker F70 / F100,14,0,0,14,20000000.0,280000000.0,24.6
Volaris,Volaris,Airbus A319,15,0,9,24,90000000.0,1344000.0,9.7
Volaris,Volaris,Airbus A320,44,3,1,48,98000000.0,4312000.0,3.3
Volaris,Volaris,Airbus A321,9,1,0,10,115000000.0,1034000.0,0.6
WestJet,WestJet,Boeing 737,114,1,40,155,74000000.0,8434000.0,8.3
WestJet,WestJet,Boeing 757,0,0,1,1,73000000.0,0.0,
WestJet,WestJet,Boeing 767,4,0,0,4,187000000.0,748000000.0,24.5
WestJet,WestJet Encore,De Havilland Canada DHC-8 Dash 8,33,0,0,33,31000000.0,1032999.9999999999,2.0
Wizz Air,Wizz Air,Airbus A320,63,0,9,72,98000000.0,6174000.0,5.1
Wizz Air,Wizz Air,Airbus A321,11,4,0,15,115000000.0,1264000.0,0.6
